satisfaction_level,last_evaluation,number_project,average_montly_hours,time_spend_company,Work_accident,left,promotion_last_5years,sales,salary
0.38,0.5,2,132,3,0,1,0,accounting,low
0.95,0.71,4,151,4,0,0,0,sales,medium
0.76,0.94,4,168,6,0,0,0,technical,medium
0.91,0.77,3,195,7,0,0,0,sales,medium
0.61,0.85,4,273,3,0,0,0,RandD,low
0.71,0.97,3,219,3,0,0,0,technical,high
0.64,0.4,3,248,3,0,0,0,product_mng,medium
0.58,0.9,5,257,3,0,0,0,marketing,medium
0.51,0.51,2,271,3,0,0,0,sales,medium
0.13,0.59,5,160,5,0,0,0,technical,medium
0.53,0.58,4,251,2,0,0,0,technical,medium
0.88,0.58,3,145,8,0,0,0,sales,low
0.57,0.7,3,172,3,0,0,0,technical,low
0.41,0.48,2,130,3,0,1,0,support,high
0.9,0.62,4,258,3,0,0,0,technical,medium
0.45,0.57,2,148,3,0,1,0,marketing,high
0.61,0.65,2,117,2,1,0,0,sales,medium
0.74,0.53,5,141,2,0,0,0,accounting,low
0.09,0.81,6,257,4,0,1,0,support,low
0.85,0.99,6,153,6,0,0,0,technical,medium
0.88,0.72,2,144,4,1,0,0,technical,low
0.1,0.91,6,287,4,0,1,0,technical,low
0.87,0.81,5,236,3,0,0,0,technical,medium
0.15,0.67,6,167,6,0,0,0,sales,low
0.5,0.59,3,192,2,0,0,0,sales,low
0.61,0.41,3,103,2,0,0,0,technical,high
0.36,0.49,2,147,3,0,1,0,marketing,low
0.86,0.91,4,253,3,0,0,0,IT,low
0.17,0.6,5,144,6,0,0,0,technical,medium
0.73,0.97,4,163,3,0,0,0,sales,medium
0.47,0.5,4,159,2,0,0,0,product_mng,low
0.54,0.58,3,169,2,1,0,0,technical,high
0.67,0.68,4,254,3,0,0,0,technical,low
0.57,1,4,227,10,0,0,0,technical,low
0.43,0.49,2,135,3,0,1,0,sales,medium
0.57,0.61,3,112,5,0,0,0,IT,medium
0.94,0.59,3,137,2,0,0,0,sales,medium
0.96,0.9,4,246,3,0,0,0,support,low
0.88,0.52,4,166,2,0,0,0,technical,low
0.17,0.66,6,224,3,0,0,0,sales,medium
0.61,0.83,4,153,2,0,0,0,technical,low
0.78,0.92,5,242,4,0,0,0,RandD,medium
0.1,0.97,7,254,4,0,1,0,sales,low
0.69,0.5,3,208,4,0,0,0,hr,low
0.87,0.75,3,258,3,0,0,0,technical,medium
0.7,0.79,4,194,3,0,0,0,sales,medium
0.52,0.72,3,253,3,0,0,0,accounting,low
0.57,0.76,3,200,2,0,0,0,support,low
0.56,0.69,3,176,3,0,0,0,management,medium
0.88,1,5,226,6,0,1,0,marketing,low
0.45,0.57,2,136,3,0,1,0,sales,low
0.57,0.58,3,192,3,0,0,0,technical,medium
0.84,0.75,4,135,3,0,0,1,RandD,medium
0.49,0.4,2,148,2,1,0,1,management,high
0.62,0.64,5,187,3,0,0,0,sales,medium
0.11,0.79,6,264,4,0,1,0,technical,low
0.88,0.75,4,201,2,0,0,0,sales,medium
0.1,0.86,6,278,4,0,1,0,technical,high
0.15,0.67,6,209,5,0,0,0,technical,low
0.41,0.48,6,165,4,0,0,0,IT,medium
0.81,0.92,4,268,3,0,0,0,sales,low
0.4,0.56,2,149,3,0,1,0,accounting,low
0.69,0.64,3,286,3,0,0,0,technical,medium
0.1,0.85,6,283,4,0,1,0,sales,medium
0.52,0.82,3,170,3,0,0,0,RandD,low
0.09,0.93,6,308,4,0,1,0,RandD,low
0.72,0.98,3,181,4,0,0,0,technical,low
0.9,0.92,5,154,4,0,1,0,sales,low
0.99,0.96,4,202,3,0,0,0,RandD,medium
0.63,0.99,3,247,3,0,0,0,sales,medium
0.78,0.72,4,219,3,0,0,0,hr,medium
0.37,0.48,2,137,3,0,1,0,technical,medium
0.78,0.79,5,233,3,1,0,0,RandD,high
0.95,0.72,4,235,2,0,0,0,support,low
0.09,0.86,6,297,4,0,1,0,hr,low
0.82,0.93,3,247,3,0,0,0,technical,medium
0.75,0.97,4,245,5,0,1,0,support,medium
0.79,0.74,3,238,2,0,0,0,technical,medium
0.57,0.7,3,248,2,0,0,0,technical,medium
0.99,0.64,3,183,3,0,0,0,hr,medium
0.88,0.84,4,171,4,1,0,0,support,medium
0.49,0.8,3,238,4,0,0,0,product_mng,low
0.94,0.88,4,262,2,0,0,0,sales,medium
0.84,0.73,5,230,4,1,0,0,accounting,low
0.18,0.84,4,231,5,0,0,0,sales,low
0.91,0.97,4,251,6,0,1,0,technical,low
0.49,0.91,3,227,3,0,0,0,sales,medium
0.45,0.88,5,268,3,1,0,0,support,medium
0.71,0.96,4,161,3,0,0,0,support,low
0.72,0.98,3,211,2,0,0,0,IT,low
0.11,0.83,6,306,4,0,1,0,support,low
0.14,0.8,5,226,3,0,0,0,sales,medium
0.21,0.92,2,211,2,0,0,0,support,medium
0.92,0.91,4,222,2,0,0,0,support,low
0.59,0.57,2,170,3,0,0,0,technical,low
0.9,0.72,4,143,3,0,0,0,IT,medium
0.53,0.97,4,249,3,0,0,0,sales,medium
0.96,0.72,4,228,2,0,0,0,accounting,high
0.24,0.5,4,209,3,0,0,0,sales,medium
0.92,0.85,3,207,2,0,0,0,support,low
0.6,0.48,4,219,4,1,0,0,sales,medium
0.72,0.58,3,198,2,0,0,0,marketing,low
0.61,0.82,3,271,3,0,0,0,support,low
0.31,0.72,2,191,3,0,0,0,hr,medium
0.78,0.6,4,206,3,0,0,0,sales,medium
0.5,1,3,149,2,0,0,0,hr,medium
0.54,0.73,4,266,3,0,0,0,product_mng,low
0.8,0.9,5,267,5,0,1,0,technical,medium
0.58,0.53,4,192,4,0,0,0,IT,medium
0.83,0.75,6,215,5,0,0,0,sales,medium
0.1,0.89,7,291,4,0,1,0,support,medium
0.49,0.78,3,264,4,0,0,0,accounting,low
0.74,0.99,4,276,5,0,1,0,support,low
0.69,0.78,5,267,2,1,0,0,support,low
0.87,0.94,4,189,3,0,0,1,sales,medium
0.89,0.77,3,144,3,0,0,0,management,high
0.77,0.83,3,175,3,0,0,1,sales,medium
0.87,1,5,261,5,1,1,0,technical,medium
0.46,0.38,6,140,3,0,0,0,technical,high
0.74,0.79,5,241,3,0,0,0,technical,low
0.75,0.85,5,240,6,1,1,0,marketing,medium
0.4,0.49,2,143,3,0,1,0,product_mng,medium
0.59,0.53,5,169,3,0,0,0,technical,low
0.6,0.9,4,260,2,0,0,0,sales,medium
0.51,0.67,4,133,3,0,0,0,sales,medium
0.37,0.57,2,155,3,0,1,0,support,low
0.84,0.8,3,151,3,1,0,0,RandD,low
0.54,0.95,4,149,3,0,0,0,support,low
0.38,0.55,2,151,3,0,1,0,sales,low
0.75,0.63,4,209,3,0,0,1,sales,medium
0.84,0.94,4,246,2,1,0,0,support,medium
0.54,0.65,3,202,3,0,0,0,marketing,low
0.36,0.62,4,237,2,0,1,0,technical,medium
0.76,0.76,3,197,2,0,0,0,sales,medium
0.93,0.6,4,271,3,0,0,0,accounting,low
0.77,0.95,3,192,4,1,0,0,RandD,medium
0.87,0.87,5,207,2,0,0,0,sales,high
0.57,0.72,4,221,3,0,0,0,accounting,medium
0.16,0.9,5,258,3,0,0,0,technical,medium
0.86,1,4,256,3,0,0,0,technical,medium
0.11,0.8,6,256,4,0,1,0,IT,low
0.68,0.57,5,187,4,0,0,0,technical,high
0.2,0.69,6,236,4,0,0,0,technical,low
0.75,0.87,4,193,3,0,0,0,sales,medium
0.51,0.86,3,182,10,0,0,0,sales,low
0.75,0.76,5,175,4,0,0,0,IT,low
0.73,0.97,5,217,6,0,1,0,support,medium
0.83,0.78,5,240,3,0,0,0,accounting,high
0.41,0.55,2,148,3,0,1,0,sales,low
0.81,0.52,4,221,6,0,0,0,marketing,high
0.1,0.9,7,281,4,0,1,0,sales,low
0.73,0.65,3,165,3,0,0,0,IT,low
0.57,0.65,3,163,2,0,0,0,support,low
0.28,0.59,6,281,3,0,0,0,product_mng,medium
0.83,0.91,3,168,3,0,0,1,technical,medium
0.53,0.78,5,198,3,0,0,0,technical,low
0.96,0.64,3,166,2,0,0,0,accounting,medium
0.68,0.81,5,266,2,0,0,0,accounting,medium
0.37,0.41,2,146,2,0,0,0,support,medium
0.09,0.9,6,295,4,0,1,0,accounting,low
0.73,0.91,4,247,5,0,1,0,support,medium
0.92,0.75,4,212,3,0,0,0,sales,low
0.73,0.97,3,174,3,0,0,0,sales,low
0.38,0.6,5,145,5,0,0,0,hr,medium
0.56,0.54,4,191,2,1,0,1,sales,medium
0.58,0.73,4,205,4,0,0,0,IT,low
0.26,0.7,3,238,6,0,0,0,support,medium
0.72,0.85,5,244,6,0,1,0,sales,low
0.75,0.93,2,98,5,0,0,0,sales,medium
0.13,0.53,6,173,4,0,0,0,sales,low
0.59,1,2,155,5,0,1,0,sales,low
0.83,0.82,5,179,3,0,0,0,technical,low
0.57,0.39,4,132,3,0,0,0,product_mng,high
0.59,0.81,6,123,5,0,0,0,sales,medium
0.67,0.92,5,258,3,0,0,0,technical,high
0.63,0.85,2,156,3,1,0,0,hr,medium
0.96,0.91,3,260,5,0,0,0,technical,low
0.11,0.9,5,307,4,0,1,0,support,low
0.48,0.98,4,174,3,0,0,0,sales,low
0.91,0.95,3,189,2,0,0,0,sales,low
0.66,0.87,3,223,7,0,0,0,sales,high
0.95,0.67,4,261,3,0,0,0,technical,low
0.74,0.77,3,211,3,0,0,0,management,high
0.22,0.91,6,222,8,0,0,0,technical,low
0.6,0.57,2,184,3,0,0,0,sales,medium
0.33,0.41,2,198,4,0,0,0,technical,medium
0.42,0.48,2,129,3,0,1,0,management,low
0.57,0.99,3,222,3,1,0,1,management,low
0.66,0.65,3,272,10,0,0,0,IT,medium
0.15,0.95,4,173,5,1,0,0,sales,low
0.36,0.48,2,152,3,0,1,0,IT,low
0.65,0.84,3,189,2,1,0,0,support,low
0.64,0.48,3,147,7,0,0,0,sales,high
0.11,0.92,7,293,4,0,1,0,sales,low
0.92,0.87,4,226,6,1,1,0,technical,medium
0.49,0.89,2,233,4,1,0,0,sales,medium
0.45,0.46,2,130,3,0,1,0,technical,low
0.96,0.68,4,137,2,0,0,1,sales,medium
0.63,0.67,5,250,2,0,0,0,product_mng,low
0.14,0.83,5,171,6,0,0,0,technical,medium
0.42,0.57,2,147,3,1,1,0,management,low
0.76,0.92,3,176,2,0,0,0,IT,medium
0.9,0.68,4,204,4,1,0,0,support,low
1,0.66,4,173,2,0,0,0,support,medium
0.9,0.83,4,266,5,0,1,0,sales,high
0.48,0.55,4,262,3,1,0,0,RandD,high
0.17,0.78,6,284,4,0,0,0,IT,medium
0.69,0.97,4,264,3,0,0,0,technical,low
0.66,0.51,6,105,4,0,0,0,IT,high
0.48,0.84,4,186,7,0,0,1,management,medium
0.71,0.92,4,248,3,1,0,0,sales,low
0.79,0.87,5,261,5,0,1,0,sales,low
0.78,0.74,6,251,4,0,0,0,technical,low
0.71,0.56,3,177,4,0,0,0,support,high
0.86,0.81,3,232,4,0,0,0,RandD,low
0.96,0.8,4,145,2,0,0,0,hr,medium
0.8,0.79,5,240,4,0,0,0,IT,medium
0.57,0.54,4,142,4,0,0,0,technical,medium
0.77,0.74,5,263,2,0,0,0,sales,medium
0.83,0.77,3,228,3,0,0,0,sales,medium
0.63,0.93,4,238,4,0,0,0,sales,medium
0.1,0.85,6,266,4,0,1,0,sales,low
0.76,0.52,2,229,3,0,0,1,technical,medium
0.44,0.51,2,150,3,0,1,0,support,low
0.78,1,3,139,3,0,0,0,support,low
0.83,0.78,3,257,2,0,0,0,sales,low
0.56,0.58,3,173,3,0,0,0,support,medium
0.8,0.99,5,187,3,1,0,0,technical,medium
0.37,0.54,2,152,3,0,1,0,marketing,medium
0.55,0.97,4,162,3,0,0,0,RandD,low
0.13,0.93,4,253,5,1,0,0,product_mng,low
0.57,0.98,3,171,3,0,0,0,product_mng,medium
0.1,0.92,7,307,4,0,1,0,support,low
0.92,0.91,3,202,2,0,0,0,sales,medium
0.95,0.53,3,264,3,0,0,0,sales,low
0.91,0.76,3,197,3,0,0,0,technical,medium
0.99,0.89,4,254,3,1,0,0,sales,medium
0.58,0.62,3,213,2,0,0,0,sales,medium
0.75,0.61,4,272,2,0,0,0,technical,low
0.4,0.53,2,151,3,0,1,0,IT,low
0.97,0.94,3,202,2,0,0,0,sales,medium
0.37,0.72,3,169,2,1,0,0,support,medium
0.57,0.39,4,132,3,0,0,0,product_mng,high
0.82,0.99,5,252,3,1,0,0,RandD,low
0.71,0.76,4,142,2,1,0,0,support,low
0.85,0.66,3,235,3,0,0,0,technical,low
0.87,0.42,5,252,5,0,0,0,sales,low
0.1,0.84,6,293,5,0,1,0,marketing,medium
0.63,0.97,5,146,3,0,0,0,support,low
0.6,0.55,3,177,3,1,0,0,accounting,low
0.11,0.95,6,285,4,0,1,0,technical,low
0.97,0.55,4,166,3,1,0,0,accounting,high
0.96,0.53,5,224,4,0,0,0,sales,low
0.99,0.89,3,273,2,0,0,0,sales,medium
0.13,0.9,5,264,6,0,0,0,technical,high
0.6,0.97,3,164,2,0,0,0,technical,low
0.74,0.81,5,281,3,1,0,0,support,low
0.95,0.52,3,183,2,1,0,0,sales,low
0.1,0.95,7,301,4,0,1,0,marketing,low
0.58,0.9,3,151,3,0,0,0,sales,medium
0.54,0.5,2,123,4,1,0,0,accounting,low
0.82,0.98,4,233,5,0,1,0,sales,low
0.29,0.65,5,110,5,1,0,0,sales,low
0.44,0.56,2,158,3,0,1,0,accounting,medium
0.98,0.98,5,210,6,0,0,0,sales,low
0.64,0.67,2,223,3,0,0,0,product_mng,medium
0.48,0.7,3,251,3,0,0,0,IT,low
0.54,0.64,6,278,2,0,0,0,technical,medium
0.52,0.98,4,265,3,0,0,0,product_mng,medium
0.55,0.49,3,146,2,0,0,0,technical,medium
0.69,0.97,5,105,4,0,0,0,sales,low
0.9,0.7,3,147,4,0,0,0,technical,low
0.98,0.83,5,211,3,0,0,0,support,medium
0.37,0.67,2,159,2,0,0,0,product_mng,low
0.11,0.97,6,288,4,0,1,0,support,medium
0.97,0.55,4,258,3,0,0,0,hr,medium
0.94,0.8,6,147,3,0,0,0,technical,medium
0.67,0.48,6,107,2,1,0,0,hr,low
0.92,0.98,3,149,3,0,0,0,support,medium
0.53,0.95,2,101,5,0,0,0,technical,medium
0.51,0.89,4,233,7,0,0,0,sales,medium
0.82,0.86,5,243,5,0,1,0,IT,low
0.43,0.46,2,156,3,0,1,0,technical,low
0.49,0.69,2,147,2,0,0,0,sales,medium
0.85,0.99,3,201,3,0,0,0,RandD,medium
0.44,0.9,4,117,3,0,0,0,sales,medium
0.15,0.93,4,185,5,0,0,0,hr,low
0.69,0.51,3,257,3,1,0,0,IT,low
0.65,0.91,3,207,3,0,0,0,sales,low
0.87,0.9,5,254,6,0,1,0,support,low
0.65,0.56,3,142,3,0,0,0,sales,low
0.47,0.43,3,120,3,0,0,0,sales,high
0.64,0.91,4,150,3,0,0,0,technical,low
0.49,0.4,2,148,2,1,0,1,management,high
0.15,0.81,5,280,3,1,0,0,RandD,high
0.72,0.58,4,149,3,0,0,0,product_mng,low
0.49,0.54,4,247,3,1,0,0,sales,medium
0.84,0.94,5,222,6,0,1,0,product_mng,low
0.82,0.48,4,149,6,0,0,0,product_mng,high
0.67,0.97,5,239,3,0,0,0,support,low
0.86,0.9,4,162,3,0,0,0,product_mng,low
0.95,0.58,3,163,3,0,0,0,technical,medium
0.53,0.74,3,135,2,0,0,0,marketing,low
0.09,0.87,7,305,4,0,1,0,sales,medium
0.76,0.74,3,173,2,0,0,0,sales,low
0.98,0.66,5,248,3,0,0,0,technical,medium
0.76,0.65,4,240,3,0,0,0,technical,low
0.62,0.73,4,191,3,0,0,0,RandD,high
0.1,0.85,6,273,4,0,1,0,sales,medium
0.51,0.8,4,257,2,0,0,0,support,low
0.96,0.95,3,236,2,0,0,0,support,medium
0.29,0.47,5,139,4,0,0,0,sales,low
0.37,0.69,2,146,3,0,0,0,support,medium
0.67,0.97,4,186,3,0,0,0,hr,low
0.75,0.51,2,215,2,1,0,0,sales,low
0.63,0.76,2,157,4,0,1,0,RandD,low
0.57,0.75,5,171,4,0,0,0,support,medium
0.18,0.75,4,170,5,0,0,0,sales,low
0.5,0.83,5,258,2,0,0,0,IT,low
0.97,0.55,2,267,4,0,0,0,marketing,medium
0.43,0.49,2,131,3,0,1,0,RandD,high
0.7,0.93,3,250,3,0,0,0,marketing,low
0.63,0.82,3,269,3,0,0,0,sales,low
0.42,0.51,2,136,3,0,1,0,technical,medium
0.59,0.69,3,200,3,0,0,0,sales,low
0.2,0.53,5,272,5,0,0,0,product_mng,low
0.95,0.81,5,210,4,0,0,0,sales,medium
0.52,0.47,3,108,5,0,0,0,management,medium
0.76,0.98,4,258,3,0,0,0,RandD,low
1,0.85,3,150,3,0,0,0,technical,low
0.49,0.52,4,183,2,0,0,1,marketing,medium
0.29,0.68,4,210,3,0,0,0,support,low
0.57,0.99,3,222,3,1,0,1,management,low
0.37,0.53,2,131,3,0,1,0,sales,low
0.93,0.59,3,202,2,0,0,0,hr,high
0.96,0.9,3,175,3,1,0,0,sales,low
0.87,0.53,4,144,3,0,0,0,sales,medium
0.44,0.52,2,137,3,0,1,0,RandD,medium
0.87,0.76,5,254,2,1,0,0,hr,low
0.09,0.96,6,245,4,0,1,0,IT,low
0.73,0.53,3,205,2,0,0,0,sales,medium
0.81,0.78,3,166,2,0,0,0,support,low
0.77,0.84,4,196,3,0,0,0,sales,low
0.75,0.61,3,263,3,0,0,0,sales,low
0.88,0.59,4,227,3,0,0,0,management,medium
0.77,0.73,4,159,3,1,0,0,sales,medium
0.84,0.52,4,251,3,0,0,0,RandD,low
0.36,0.56,2,132,3,0,1,0,IT,medium
0.82,0.68,3,160,4,0,0,0,sales,medium
0.67,0.67,4,226,2,0,0,0,technical,high
0.09,0.94,6,266,4,0,1,0,sales,medium
0.64,0.87,4,157,7,0,0,0,marketing,low
0.59,0.82,3,162,2,0,0,0,IT,high
0.38,0.45,2,127,3,0,1,0,technical,low
0.1,0.83,6,278,4,0,1,0,marketing,medium
0.56,0.94,3,154,3,1,0,0,support,low
0.81,0.83,3,193,3,0,0,0,technical,medium
0.46,0.54,2,158,3,0,1,0,support,medium
0.65,0.54,4,191,4,0,0,0,accounting,medium
0.93,0.91,2,238,2,1,0,0,sales,low
0.97,0.79,5,259,3,0,0,1,support,medium
0.95,0.67,4,261,3,0,0,0,technical,low
0.43,0.51,2,155,3,0,1,0,technical,medium
0.4,0.48,2,142,3,0,1,0,support,low
0.39,0.54,2,155,3,0,1,0,support,low
0.73,0.55,3,206,4,0,0,0,accounting,low
0.4,0.53,2,158,3,0,1,0,sales,low
0.69,0.83,4,252,3,0,0,0,management,medium
0.82,0.76,4,266,3,0,0,1,management,high
0.82,0.87,4,239,5,0,1,0,sales,low
0.99,0.53,4,131,3,1,0,0,technical,low
0.11,0.84,6,251,4,0,1,0,technical,medium
0.5,0.81,3,183,3,0,0,0,hr,low
0.92,0.83,5,270,3,0,0,0,technical,low
0.83,0.86,4,98,4,0,0,0,sales,low
0.63,0.7,6,141,3,1,0,0,marketing,medium
0.18,0.73,4,219,5,0,0,0,sales,medium
0.89,0.95,3,246,4,0,0,0,support,low
0.84,0.66,3,209,2,0,0,0,sales,low
0.81,0.97,3,247,3,0,0,0,support,medium
0.55,0.51,4,155,3,0,0,0,IT,low
0.72,0.95,2,178,4,1,0,0,product_mng,medium
0.88,0.82,3,265,3,0,0,0,product_mng,medium
0.77,0.87,5,257,2,0,0,0,product_mng,medium
0.48,0.93,3,219,6,0,1,0,technical,low
0.75,0.9,5,186,4,0,0,0,product_mng,low
0.75,0.9,4,197,2,0,0,0,sales,medium
0.39,0.57,2,158,3,0,1,0,sales,low
0.85,0.67,3,267,2,1,0,0,sales,low
0.52,0.98,4,148,3,0,0,0,sales,low
0.96,0.51,5,152,3,0,0,0,support,medium
0.62,0.74,4,155,3,0,0,0,hr,medium
0.17,0.55,6,250,5,0,1,0,sales,medium
0.89,0.88,3,203,3,0,0,0,accounting,high
0.54,0.81,5,195,4,0,0,0,management,medium
0.19,0.68,5,149,3,0,0,0,hr,medium
0.38,0.55,2,148,3,0,1,0,support,low
0.93,0.89,3,255,7,1,0,0,sales,medium
0.77,0.79,3,200,4,0,0,0,hr,medium
0.37,0.86,6,260,3,0,0,0,technical,medium
0.75,0.74,3,186,3,1,0,0,RandD,medium
0.86,0.91,4,253,3,0,0,0,IT,low
0.92,0.99,5,255,6,0,1,0,sales,low
0.78,0.58,3,150,3,1,0,0,technical,low
0.73,0.72,4,233,2,0,0,0,sales,low
0.52,0.55,5,174,3,1,0,0,sales,medium
0.68,0.52,5,203,3,0,0,0,IT,low
0.1,0.92,7,307,4,0,1,0,support,low
0.36,0.55,3,191,3,0,0,0,product_mng,high
0.97,0.53,4,247,3,0,0,0,support,low
0.9,0.54,3,272,2,0,0,0,IT,low
0.56,0.86,4,201,3,1,0,0,technical,medium
0.86,0.66,4,251,3,0,0,0,RandD,low
0.87,1,5,242,5,0,1,0,sales,low
0.89,0.96,5,221,5,0,1,0,technical,low
0.77,0.49,2,286,7,0,0,0,marketing,low
0.21,0.81,4,227,5,0,0,0,marketing,medium
0.65,0.57,3,168,2,0,0,0,sales,high
0.54,0.49,2,155,2,1,0,0,marketing,medium
0.82,0.67,3,198,3,1,0,0,product_mng,low
0.81,0.77,3,221,2,0,0,0,technical,low
0.24,0.63,4,203,5,0,0,0,technical,low
0.5,0.75,5,178,6,0,0,0,technical,medium
0.09,0.82,6,249,4,0,1,0,technical,medium
0.15,0.48,6,218,6,0,0,0,technical,low
0.84,0.79,4,222,3,0,0,0,RandD,low
0.88,0.57,4,261,4,0,0,0,technical,low
0.78,0.72,5,270,3,1,0,0,technical,low
0.72,0.9,4,225,2,0,0,0,hr,low
0.65,0.92,3,219,3,0,0,0,technical,medium
0.81,0.79,4,177,2,0,0,0,hr,high
0.16,0.61,6,269,2,0,0,0,accounting,high
0.89,0.79,2,208,3,1,0,0,support,medium
0.53,0.76,5,143,4,0,0,1,technical,low
0.23,0.99,4,204,4,1,1,0,accounting,low
0.5,0.68,3,245,4,0,0,0,marketing,medium
0.37,0.46,2,156,3,0,1,0,sales,low
0.09,0.95,7,256,4,0,1,0,marketing,medium
0.61,0.55,4,231,3,0,0,0,technical,low
0.62,0.71,4,268,3,0,0,0,technical,low
0.83,0.56,3,186,3,0,0,0,product_mng,medium
0.88,0.86,5,257,3,0,0,0,technical,low
0.66,0.49,4,157,3,0,0,0,sales,low
0.1,0.81,6,304,4,0,1,0,management,medium
0.77,0.75,4,223,3,0,0,0,technical,medium
0.8,0.9,5,265,3,0,0,0,accounting,medium
0.76,0.85,3,204,2,1,0,0,product_mng,medium
0.61,0.41,3,138,3,0,0,0,support,low
0.54,0.58,4,178,3,0,0,0,hr,medium
0.79,0.55,3,147,3,0,0,0,sales,medium
0.17,0.59,5,250,5,0,0,0,marketing,low
0.66,0.63,3,166,3,0,0,0,IT,high
0.66,0.6,3,179,4,0,0,0,support,low
0.49,0.98,3,267,2,0,0,0,technical,low
0.52,0.69,3,144,3,0,0,0,sales,medium
0.77,0.59,4,153,3,0,0,0,sales,medium
0.85,0.87,5,246,5,1,1,0,sales,medium
0.37,0.47,2,149,3,0,1,0,IT,medium
0.37,0.48,2,153,3,0,1,0,technical,low
0.61,0.45,3,114,3,0,0,0,sales,high
0.21,0.61,6,159,5,1,0,0,accounting,medium
0.63,0.94,3,172,3,0,0,0,management,medium
0.11,0.84,6,251,4,0,1,0,technical,low
0.18,0.67,5,209,4,0,0,0,sales,medium
0.09,0.89,6,282,4,0,1,0,support,low
0.78,0.99,5,241,5,0,1,0,sales,medium
0.85,0.82,3,153,3,1,0,0,sales,low
0.73,0.89,5,236,6,0,1,0,product_mng,low
0.17,0.84,5,232,3,0,1,0,sales,low
0.4,0.46,2,130,3,0,1,0,sales,low
0.34,0.85,4,123,4,0,0,0,hr,medium
0.93,0.94,4,188,3,0,0,0,support,medium
0.11,0.84,6,300,5,1,1,0,support,low
0.64,0.86,4,143,2,0,0,0,support,medium
0.8,0.98,3,189,6,0,0,0,IT,low
0.48,0.6,4,230,3,0,0,0,product_mng,medium
0.84,0.94,5,262,5,0,1,0,technical,low
0.52,0.82,3,138,2,1,0,0,support,medium
0.44,0.45,2,156,3,0,1,0,hr,medium
0.94,0.85,4,236,2,0,0,0,marketing,medium
0.97,0.54,3,154,8,1,0,0,sales,medium
0.23,0.9,5,234,3,1,0,0,sales,low
0.37,0.49,3,177,3,0,0,0,marketing,high
0.21,0.9,4,271,6,0,0,0,support,high
0.61,0.56,2,123,2,0,0,0,sales,medium
0.14,0.62,4,158,4,1,1,0,technical,low
0.49,0.96,2,206,2,0,0,0,marketing,low
0.82,0.71,3,150,3,0,0,0,support,medium
0.76,0.82,4,170,6,0,0,0,sales,medium
0.93,0.89,3,262,2,0,0,0,sales,low
0.79,0.72,4,192,3,0,0,0,IT,low
0.9,0.49,6,175,4,0,0,0,sales,low
0.65,0.89,4,240,3,0,0,0,sales,low
0.66,0.61,3,156,3,1,0,0,technical,medium
0.16,0.63,6,286,7,0,0,1,sales,medium
0.5,0.74,4,246,3,0,0,0,management,medium
0.72,1,5,264,5,0,1,0,technical,medium
0.72,0.66,4,184,3,0,0,0,management,high
0.42,0.46,2,150,3,0,1,0,sales,medium
0.45,0.47,2,135,3,0,1,0,RandD,medium
0.75,0.77,4,204,2,0,0,0,support,low
0.53,0.5,6,264,6,0,0,0,technical,low
0.66,0.57,6,278,3,0,0,0,sales,medium
0.82,0.54,4,191,3,0,0,0,sales,medium
0.71,0.51,3,248,4,0,0,0,sales,low
0.84,0.85,4,185,3,1,0,0,IT,medium
0.7,0.87,5,239,3,0,0,0,hr,medium
0.38,0.49,2,151,3,0,1,0,technical,low
0.85,0.56,5,203,3,0,0,0,management,high
0.91,0.74,6,253,2,0,0,0,technical,low
0.17,0.55,6,240,6,0,0,0,RandD,low
0.84,0.59,3,234,3,1,0,0,sales,medium
0.44,0.42,3,178,3,0,0,0,support,high
0.82,0.81,3,149,3,0,0,0,support,low
0.42,0.56,2,134,3,0,1,0,support,low
0.66,0.95,3,191,3,0,0,0,technical,medium
0.87,0.64,5,234,2,1,0,0,IT,medium
0.22,0.91,6,222,8,0,0,0,technical,low
0.51,0.53,3,223,2,1,0,0,accounting,low
0.94,0.92,3,273,3,0,0,0,technical,high
0.55,0.69,4,220,3,1,0,0,management,high
0.6,0.52,3,183,2,0,0,0,support,low
0.1,0.86,6,247,4,0,1,0,sales,medium
0.58,0.76,4,197,5,0,0,0,sales,low
0.94,0.76,3,257,4,1,0,0,management,low
0.74,0.86,3,221,2,0,0,0,support,medium
0.48,0.98,3,259,6,0,0,0,IT,medium
0.42,0.56,2,143,3,0,1,0,support,medium
0.18,0.67,5,285,5,0,0,0,accounting,low
0.5,0.77,3,204,2,0,0,0,marketing,medium
0.94,0.57,4,251,2,1,0,0,sales,medium
0.88,0.89,4,213,3,0,0,0,management,medium
1,0.86,4,245,4,0,0,0,sales,medium
0.48,0.77,3,197,3,0,0,0,hr,medium
0.54,0.52,3,115,3,0,0,0,accounting,low
0.11,0.8,6,304,4,0,1,0,accounting,low
0.42,0.53,3,199,4,0,1,0,technical,medium
0.75,0.98,2,161,3,0,0,0,product_mng,low
0.56,0.75,5,236,2,0,1,0,sales,medium
0.91,1,4,245,6,0,1,0,RandD,medium
0.78,0.51,3,172,3,0,0,0,technical,medium
0.57,0.8,4,262,3,0,0,0,technical,low
0.88,0.71,3,184,3,0,0,0,technical,low
0.29,0.48,2,116,6,1,0,0,hr,low
0.98,0.53,6,253,4,0,0,0,RandD,medium
0.09,0.8,7,283,5,0,1,0,technical,low
0.7,0.56,5,208,3,0,0,0,technical,medium
0.4,0.51,3,120,6,0,0,0,sales,medium
0.51,0.79,5,267,3,0,0,0,technical,medium
0.85,0.58,4,273,4,0,0,0,IT,medium
0.11,0.87,6,257,4,0,1,0,support,medium
0.44,0.61,3,147,4,0,0,0,RandD,low
0.73,0.71,3,210,3,0,0,0,technical,low
0.8,0.68,3,160,3,0,0,0,RandD,low
0.19,0.63,4,233,5,0,0,0,sales,medium
0.62,0.82,3,204,10,0,0,0,accounting,medium
0.43,0.53,2,147,3,0,1,0,sales,medium
0.95,0.54,4,235,4,0,0,0,sales,medium
0.97,0.88,4,237,4,0,0,0,sales,low
0.51,0.73,4,174,3,0,0,0,sales,medium
0.53,0.73,3,163,3,1,0,0,IT,low
0.76,0.97,5,172,3,0,0,0,sales,medium
0.73,0.93,3,205,3,0,0,0,product_mng,high
0.85,0.89,4,251,2,0,0,0,support,low
0.73,0.48,3,211,7,0,0,0,sales,medium
0.75,0.89,5,272,5,0,1,0,IT,medium
0.77,0.48,4,258,4,1,0,0,sales,low
0.68,0.75,4,258,3,0,0,0,management,high
0.5,0.92,4,266,7,0,0,0,product_mng,medium
0.89,0.74,5,260,6,0,0,0,technical,medium
0.25,0.67,2,136,6,0,0,0,sales,medium
0.82,0.88,4,149,2,0,0,0,sales,low
0.63,0.48,4,180,4,0,0,0,management,high
0.66,0.58,3,205,3,0,0,0,RandD,medium
0.85,0.6,3,251,2,0,0,0,sales,low
0.44,0.48,2,148,3,0,1,0,sales,low
0.79,0.36,3,114,3,0,0,0,technical,high
0.63,0.77,5,210,3,0,0,0,RandD,medium
0.37,0.55,2,127,3,0,1,0,RandD,medium
0.85,0.72,3,201,3,0,0,0,sales,low
0.1,0.88,6,284,4,0,1,0,sales,low
0.74,1,4,249,5,0,1,0,IT,low
0.73,0.98,4,216,2,0,0,0,sales,low
0.59,1,2,160,5,0,1,0,product_mng,low
0.77,0.83,4,245,5,0,1,0,sales,medium
0.47,0.65,4,172,2,0,0,0,hr,low
0.73,0.8,4,251,2,1,0,0,support,low
0.39,1,5,204,5,1,0,0,management,medium
0.54,0.64,2,128,2,0,0,0,sales,low
0.99,0.81,5,180,3,1,0,0,technical,medium
0.62,0.53,3,141,3,0,0,0,sales,low
0.95,0.67,4,270,4,0,0,0,support,medium
0.37,0.51,2,132,3,0,1,0,technical,medium
0.73,0.56,3,215,3,0,0,0,product_mng,medium
0.66,0.98,4,163,3,1,0,0,sales,low
0.13,0.61,6,283,5,0,0,0,sales,medium
0.1,0.86,6,306,4,0,1,0,sales,high
0.79,0.75,2,221,3,0,0,0,product_mng,low
0.76,0.87,5,245,5,0,1,0,sales,low
0.44,0.48,2,146,3,0,1,0,support,low
0.38,0.55,2,147,3,0,1,0,sales,low
0.59,0.82,2,233,2,0,0,0,IT,medium
0.87,0.91,5,228,5,0,1,0,support,low
0.76,0.49,5,243,3,0,0,0,technical,low
0.39,0.53,2,153,3,0,1,0,sales,medium
0.39,0.5,2,135,3,0,1,0,support,low
0.56,0.9,4,115,3,0,0,0,technical,medium
0.64,0.94,4,210,3,0,0,0,product_mng,low
0.85,0.58,4,186,7,0,0,0,sales,medium
0.66,0.59,5,262,2,0,0,0,technical,medium
0.8,0.74,3,228,3,0,0,0,technical,medium
0.1,0.96,7,301,4,0,1,0,hr,low
0.6,0.61,5,191,2,1,0,0,technical,high
0.45,0.37,6,226,2,0,0,0,technical,low
0.66,0.65,3,234,2,0,0,0,marketing,medium
0.86,0.61,4,193,2,0,0,0,support,high
0.66,0.94,4,190,3,0,0,0,marketing,medium
0.96,0.93,4,260,3,0,0,0,support,medium
0.58,0.58,5,171,2,0,0,0,accounting,medium
0.78,0.98,5,158,2,0,0,0,marketing,medium
0.73,0.87,5,257,5,0,1,0,IT,low
0.73,1,5,230,5,0,1,0,sales,low
0.61,0.98,2,238,4,0,0,0,support,medium
0.63,0.59,5,224,3,0,0,0,sales,low
0.48,0.86,5,198,4,0,0,0,technical,low
0.59,0.67,4,271,2,0,0,0,support,medium
0.65,0.83,5,182,2,1,0,0,IT,low
0.63,0.98,4,210,3,0,0,0,sales,medium
0.7,0.88,4,245,2,0,0,0,support,low
0.98,0.55,3,166,6,1,0,0,sales,medium
0.85,0.95,5,236,5,0,1,0,hr,low
0.7,0.74,3,224,3,0,0,0,accounting,medium
0.82,0.87,3,204,4,0,0,0,support,medium
0.81,0.61,2,176,5,0,0,1,marketing,low
0.84,0.94,4,270,3,1,0,0,support,low
0.29,0.42,6,253,3,0,0,0,hr,medium
0.59,0.82,3,149,3,0,0,0,hr,low
0.09,0.8,6,294,4,0,1,0,hr,low
0.39,0.64,3,152,2,0,0,0,sales,low
0.98,0.44,4,154,6,1,0,0,sales,medium
0.39,0.54,2,127,3,0,1,0,IT,low
0.97,0.94,3,160,3,0,0,0,support,low
0.49,0.48,4,247,3,0,0,0,RandD,medium
0.52,0.67,4,210,3,1,0,0,technical,low
0.14,0.93,4,180,4,0,0,0,marketing,high
0.53,0.91,4,167,4,0,0,0,management,high
0.63,0.86,4,271,3,1,0,0,support,medium
0.75,0.81,2,247,4,0,0,0,hr,low
0.81,0.68,4,179,3,0,0,0,support,low
0.61,0.98,3,267,3,0,0,0,technical,low
0.45,0.57,2,134,3,0,1,0,hr,low
0.64,0.83,4,179,3,0,0,0,hr,low
0.52,0.83,5,145,3,0,0,0,sales,medium
0.53,0.71,4,271,3,0,0,0,IT,medium
0.21,0.43,2,249,3,0,0,0,marketing,low
0.11,0.81,6,266,4,1,1,0,sales,medium
0.59,0.89,3,192,2,0,0,0,IT,low
0.98,0.89,4,218,2,0,0,0,sales,medium
0.95,0.8,3,225,2,0,0,0,sales,high
0.54,0.78,4,176,2,0,0,0,marketing,medium
0.95,0.58,3,193,2,0,0,0,accounting,medium
0.62,0.68,3,124,3,0,0,0,sales,medium
0.59,0.69,4,226,3,0,0,0,product_mng,low
0.75,0.83,3,146,3,0,0,0,support,medium
0.77,0.4,4,207,5,0,0,0,support,low
0.86,0.55,3,269,2,0,0,0,management,low
0.66,0.69,3,182,3,1,0,0,technical,low
0.43,0.57,2,135,3,0,1,0,support,low
0.49,0.79,4,158,3,0,0,0,support,high
0.1,0.85,6,260,4,0,1,0,sales,low
0.79,0.97,4,243,5,0,1,0,support,medium
0.77,0.79,3,157,3,0,0,1,sales,medium
0.88,0.73,5,267,3,0,0,0,IT,low
0.75,0.41,5,196,4,0,0,0,sales,low
0.53,0.81,3,226,3,1,0,0,sales,low
0.56,0.66,4,264,3,0,0,0,sales,low
0.79,0.7,3,195,2,0,0,0,product_mng,low
0.36,0.72,3,179,3,0,0,0,support,high
0.72,0.85,3,186,4,0,0,0,technical,low
0.48,0.67,3,183,2,0,0,0,technical,low
0.77,0.9,4,163,3,0,0,0,technical,low
0.24,0.55,6,231,4,0,0,0,sales,low
0.18,0.6,3,130,2,1,0,0,support,medium
0.73,0.98,5,272,2,0,0,0,marketing,low
0.87,0.9,4,163,2,0,0,0,support,medium
0.62,0.73,3,245,4,0,0,0,IT,low
0.63,0.52,3,183,2,0,0,0,technical,low
0.74,0.67,5,140,3,0,0,0,hr,medium
0.39,0.54,2,158,3,0,1,0,support,low
0.76,0.77,4,223,3,0,0,0,IT,low
0.44,0.57,2,131,3,0,1,0,sales,low
0.37,0.54,2,149,3,0,1,0,support,low
0.35,0.64,4,147,2,0,0,0,sales,low
0.84,0.53,4,206,3,0,0,0,technical,medium
0.67,0.55,3,246,3,0,0,0,accounting,medium
0.65,0.86,4,256,2,0,0,0,support,medium
0.62,0.81,3,245,2,1,0,0,hr,low
0.4,0.46,2,143,3,0,1,0,hr,medium
0.13,0.76,5,219,4,0,0,0,technical,low
0.32,0.97,6,272,2,0,0,0,sales,low
0.86,0.95,4,184,3,0,0,0,sales,low
0.74,0.7,4,273,3,0,0,0,sales,medium
0.81,0.55,3,199,2,1,0,0,IT,medium
0.43,0.46,2,157,3,0,1,0,sales,medium
0.43,0.53,2,131,3,0,1,0,IT,low
0.15,0.8,5,121,5,0,0,0,sales,medium
0.86,0.88,4,274,3,0,0,0,hr,medium
0.57,0.86,4,268,6,0,0,0,IT,medium
0.89,0.76,3,251,2,1,0,0,sales,low
0.72,0.71,3,132,2,1,0,0,technical,low
0.89,0.63,4,270,3,1,0,0,sales,medium
0.48,0.51,5,286,3,0,0,0,management,low
0.71,0.54,3,249,3,0,0,0,marketing,medium
0.55,0.87,4,200,3,0,0,0,marketing,low
0.71,0.54,4,188,6,0,0,0,technical,low
0.54,0.83,4,201,8,1,0,0,sales,medium
0.76,0.57,3,148,3,1,0,0,support,low
0.52,0.92,3,214,3,0,0,0,accounting,low
0.43,0.82,2,221,5,0,0,0,sales,medium
0.27,0.96,3,255,4,0,0,0,sales,low
0.81,0.9,4,165,3,0,0,0,RandD,medium
0.6,0.59,3,172,3,0,0,0,technical,medium
0.51,0.43,3,204,4,0,0,0,product_mng,medium
0.49,0.52,4,267,2,0,0,0,technical,high
0.4,0.54,2,156,3,0,1,0,sales,medium
0.91,0.89,5,217,5,0,1,0,technical,low
0.71,0.54,3,201,2,0,0,0,IT,medium
0.66,0.85,3,178,8,1,0,0,marketing,medium
0.43,0.51,2,155,3,0,1,0,technical,medium
0.77,0.76,6,263,6,0,0,0,sales,low
0.75,0.85,5,240,6,1,1,0,marketing,medium
0.88,0.67,5,264,3,0,0,0,product_mng,medium
0.94,0.52,4,217,6,1,0,0,support,low
0.89,0.64,3,184,5,0,0,0,RandD,high
0.54,0.73,2,100,3,0,0,0,IT,low
0.2,0.6,5,261,8,0,0,0,sales,medium
0.7,0.97,4,244,3,0,0,0,sales,medium
0.79,0.99,3,194,4,0,0,0,sales,low
0.65,0.88,4,268,4,0,0,0,support,medium
0.84,0.98,4,134,5,1,0,0,support,medium
0.63,0.95,4,137,3,0,0,0,sales,medium
0.19,0.63,4,142,6,0,0,0,RandD,low
0.52,0.8,3,252,4,0,0,0,product_mng,low
0.55,0.72,3,204,2,0,0,0,product_mng,low
0.6,0.6,4,197,3,0,0,0,management,medium
0.88,0.88,4,222,3,1,0,1,sales,medium
0.46,0.57,2,154,3,0,1,0,IT,low
0.25,0.9,6,229,8,0,0,0,sales,medium
0.7,0.9,4,216,3,0,0,0,support,low
0.54,0.98,3,197,3,0,0,0,technical,low
0.41,0.58,5,274,2,1,0,0,sales,medium
0.39,0.54,2,154,3,0,1,0,marketing,low
0.51,0.5,2,235,2,0,0,0,technical,medium
0.45,0.47,2,151,3,0,1,0,accounting,medium
0.7,0.52,3,227,2,0,0,0,technical,medium
0.7,0.98,3,215,2,0,0,0,sales,low
0.09,0.98,6,271,4,0,1,0,sales,low
0.59,0.62,3,178,4,0,0,0,technical,medium
0.42,0.48,2,143,3,0,1,0,sales,low
0.95,0.48,4,225,3,0,0,0,sales,medium
0.73,0.92,5,266,5,0,1,0,support,medium
0.78,0.47,4,129,2,0,0,0,technical,medium
0.99,0.79,4,192,3,0,0,0,hr,low
0.26,0.9,4,266,5,0,0,0,technical,medium
0.78,0.55,3,143,3,0,0,0,RandD,low
0.42,0.53,2,142,3,0,1,0,sales,low
0.41,0.46,2,160,3,0,1,1,sales,low
0.73,0.87,5,257,5,0,1,0,IT,low
0.87,0.48,5,242,3,0,0,0,sales,medium
0.94,0.61,3,140,2,0,0,0,support,medium
0.82,0.54,3,243,4,0,0,0,support,low
0.76,0.81,3,175,3,0,0,0,RandD,medium
0.82,0.79,3,160,3,0,0,0,sales,medium
0.75,0.6,4,186,10,1,0,0,marketing,low
0.69,0.63,4,272,2,0,0,0,technical,low
0.49,0.52,4,161,7,0,0,0,management,high
0.59,0.92,5,226,3,0,0,0,support,medium
0.82,0.98,5,234,5,0,1,0,marketing,medium
0.9,0.9,3,274,3,0,0,0,IT,low
0.72,0.68,3,150,3,1,0,0,product_mng,medium
0.27,0.48,3,97,6,0,0,0,IT,medium
0.98,0.58,3,183,3,0,0,0,sales,low
0.95,0.63,3,249,3,0,0,0,management,low
0.18,0.81,4,147,4,0,0,0,marketing,low
0.92,0.92,3,244,2,0,0,0,sales,high
0.99,0.82,3,255,2,0,0,0,product_mng,medium
0.32,0.55,4,283,4,0,0,0,product_mng,low
0.51,0.62,3,110,3,0,0,0,support,low
0.61,0.61,4,239,2,0,0,1,hr,high
0.79,0.73,5,155,3,0,0,0,IT,medium
0.43,0.55,2,130,3,0,1,0,support,high
0.44,0.58,4,152,3,0,0,0,technical,low
0.99,0.94,3,244,3,0,0,0,IT,high
0.53,0.79,3,221,10,1,0,0,sales,medium
0.49,0.67,3,254,2,1,0,0,technical,medium
0.84,0.49,3,172,4,0,0,0,RandD,medium
0.22,0.57,5,174,6,0,0,0,technical,high
0.37,0.55,2,159,3,0,1,0,support,medium
0.69,0.65,3,153,2,0,0,0,marketing,medium
0.1,0.85,7,279,4,0,1,0,RandD,medium
0.54,0.41,3,175,3,0,0,0,sales,medium
0.92,0.62,3,264,2,0,0,0,sales,medium
0.16,0.96,5,137,5,1,0,0,technical,low
0.29,0.38,5,191,5,0,0,0,management,medium
0.17,0.57,4,116,3,0,0,0,sales,medium
0.9,0.96,3,223,4,0,0,0,sales,high
0.66,0.66,4,273,4,1,0,0,IT,low
0.57,0.76,2,176,3,0,0,0,technical,low
0.56,0.55,3,245,2,0,0,0,IT,medium
0.69,0.75,5,196,3,0,0,0,support,medium
0.92,0.62,4,196,3,0,0,0,support,medium
0.88,0.59,3,224,2,0,0,0,hr,low
0.64,0.53,3,216,3,0,0,0,accounting,high
0.73,0.86,3,200,4,0,0,0,technical,medium
0.86,0.87,5,171,2,0,0,0,sales,low
0.54,0.82,3,284,2,1,0,0,support,low
0.56,0.71,3,211,6,0,0,1,marketing,low
0.37,0.46,2,130,3,1,1,0,technical,medium
0.94,0.8,5,170,4,0,0,0,IT,high
0.78,0.72,3,223,4,0,0,0,IT,low
0.52,0.91,5,193,2,0,0,0,support,low
0.39,0.57,2,158,3,0,1,0,sales,low
0.18,0.81,4,147,4,0,0,0,marketing,low
0.7,0.85,3,161,2,0,0,0,technical,medium
0.44,0.54,2,151,3,0,1,0,management,low
0.1,0.97,6,282,4,0,1,0,hr,medium
0.6,0.5,4,137,3,0,0,0,support,low
0.65,0.94,4,174,3,0,0,0,sales,medium
0.71,0.83,5,206,3,0,0,0,sales,low
0.11,0.96,6,298,4,0,1,0,sales,low
0.89,0.73,3,210,2,0,0,0,hr,low
0.75,0.64,3,195,3,0,0,0,sales,high
0.53,0.85,2,164,5,0,1,0,support,low
0.57,0.53,5,216,2,1,0,0,sales,medium
0.66,0.76,3,139,5,0,0,0,sales,low
0.41,0.68,3,191,4,0,0,0,sales,medium
0.82,0.82,5,267,2,0,0,0,technical,medium
0.37,0.46,2,153,3,0,1,0,sales,low
0.51,0.52,3,132,3,0,0,0,sales,low
0.43,0.47,2,147,3,0,1,0,support,low
0.21,0.77,6,215,4,0,0,0,sales,medium
0.54,0.75,4,249,4,0,0,0,support,medium
0.46,0.58,4,171,3,0,0,0,product_mng,low
0.82,0.69,5,219,3,0,0,0,IT,medium
0.43,0.71,3,186,2,0,0,0,accounting,medium
0.83,0.86,4,139,3,0,0,0,support,medium
0.78,0.82,5,247,3,0,0,0,sales,low
0.84,0.5,4,178,2,0,0,0,sales,low
0.67,0.75,3,194,3,0,0,0,hr,medium
0.78,0.78,4,260,5,0,1,0,RandD,low
0.65,0.92,4,242,2,0,0,0,RandD,medium
0.88,1,3,248,3,0,0,0,technical,medium
0.74,0.64,3,136,2,0,0,0,IT,medium
0.67,0.71,4,159,2,1,0,0,technical,medium
0.36,0.4,2,105,3,0,0,0,RandD,low
0.69,0.56,3,240,2,0,0,0,support,medium
0.89,0.75,4,246,3,1,0,0,support,low
0.92,0.83,4,268,4,0,0,0,sales,low
0.84,0.63,3,121,3,1,0,0,sales,low
0.88,0.96,4,155,2,0,0,0,marketing,medium
0.74,0.87,3,192,3,1,0,0,hr,low
0.38,0.56,2,156,3,0,1,0,technical,low
0.1,0.77,6,280,4,0,1,0,sales,medium
0.74,0.67,4,148,3,0,0,0,accounting,medium
0.75,0.63,3,148,4,0,0,0,technical,medium
0.65,0.6,3,148,2,0,0,0,technical,low
0.13,0.84,5,189,5,0,0,0,technical,low
0.24,0.57,5,232,3,0,0,0,sales,medium
0.11,0.88,7,272,4,0,1,0,sales,medium
0.1,0.94,6,260,4,0,1,0,sales,low
0.56,0.85,3,265,10,1,0,0,management,low
0.1,0.93,6,253,4,0,1,0,IT,medium
0.77,0.87,3,207,4,1,0,0,sales,low
0.71,0.54,4,188,6,0,0,0,technical,low
0.75,0.94,5,194,4,0,0,0,technical,low
0.89,0.92,5,242,5,0,1,0,sales,low
0.61,0.58,2,264,4,0,1,0,technical,low
0.81,0.7,6,161,4,0,1,0,IT,medium
0.5,0.75,6,127,3,0,0,0,sales,low
0.97,0.54,3,255,2,1,0,0,RandD,high
0.73,0.87,3,227,4,0,0,0,accounting,low
0.87,0.55,3,233,3,0,0,0,technical,medium
0.45,0.45,2,140,3,0,1,0,product_mng,low
0.49,0.88,4,270,3,0,0,0,product_mng,low
0.84,0.55,4,270,3,1,0,0,sales,medium
0.67,0.69,3,231,3,0,0,1,technical,medium
0.7,0.48,4,238,3,0,0,0,IT,medium
0.5,0.92,3,186,2,0,0,0,support,medium
0.46,0.57,4,275,3,0,0,0,sales,high
0.94,0.82,4,159,2,1,0,0,support,low
0.57,0.56,3,224,2,0,0,0,sales,high
0.64,0.74,3,267,2,0,0,0,support,medium
0.94,0.8,5,245,3,1,0,0,product_mng,medium
0.65,0.67,3,245,3,0,0,0,sales,medium
0.11,0.79,6,292,4,0,1,1,technical,low
0.49,0.58,4,213,4,1,0,0,product_mng,low
0.75,1,5,223,6,0,1,0,accounting,medium
0.67,0.54,5,157,2,0,0,0,RandD,medium
0.4,0.53,2,151,3,0,1,0,marketing,low
0.72,0.74,3,243,2,0,0,0,technical,high
0.74,0.89,5,229,6,0,1,0,support,low
0.91,0.99,5,265,5,1,1,0,technical,medium
0.74,0.8,4,241,2,0,0,0,sales,medium
0.38,0.5,2,187,2,1,0,0,sales,medium
0.46,0.46,2,154,3,0,1,0,accounting,medium
0.09,0.89,7,308,5,0,1,0,hr,medium
0.69,0.56,3,183,4,1,0,0,RandD,low
0.78,0.96,3,202,4,1,0,0,marketing,medium
0.5,0.77,3,267,2,0,0,0,management,high
0.74,0.61,3,228,2,1,0,0,IT,low
0.51,0.63,4,198,2,0,0,0,management,medium
0.77,0.91,4,239,3,1,0,0,product_mng,low
0.89,0.55,4,196,2,0,0,0,accounting,medium
0.79,0.58,4,191,6,0,0,0,technical,low
0.61,0.62,4,269,4,0,0,0,accounting,medium
0.74,0.69,4,244,2,0,0,0,sales,low
0.83,0.83,3,186,3,1,0,1,marketing,medium
0.49,0.61,3,148,2,1,0,0,RandD,low
0.51,0.54,3,154,3,1,0,0,IT,medium
0.1,0.91,6,286,4,0,1,0,marketing,low
0.54,0.64,3,203,4,0,0,0,IT,medium
0.62,0.64,5,150,3,1,0,0,technical,medium
0.54,0.81,4,257,2,0,0,0,support,low
0.81,0.84,4,198,2,0,0,0,sales,low
0.1,0.84,6,283,4,1,1,0,technical,low
0.82,0.73,3,183,3,0,0,0,IT,low
0.82,0.81,4,233,4,1,1,0,support,low
0.27,0.62,6,136,3,0,0,0,sales,high
0.48,0.47,3,160,3,0,0,0,product_mng,medium
0.66,0.47,7,156,2,0,1,0,management,medium
1,0.88,4,191,4,0,0,0,technical,low
0.45,0.51,2,160,3,1,1,1,sales,low
0.71,0.85,3,260,3,0,0,0,marketing,medium
0.95,0.49,3,158,2,0,0,0,RandD,low
0.77,0.68,3,98,3,0,0,0,support,medium
0.64,0.5,3,146,3,0,0,0,technical,low
0.16,0.81,2,159,6,1,0,0,RandD,low
0.57,0.67,3,138,6,1,0,0,IT,medium
0.57,0.92,3,238,2,0,0,0,sales,medium
0.55,0.98,3,169,2,0,0,0,support,medium
0.78,0.98,4,157,3,0,0,0,marketing,medium
0.65,0.76,4,193,2,0,0,0,hr,medium
0.63,0.98,4,187,3,0,0,0,management,high
0.2,0.7,6,281,5,0,1,0,sales,medium
0.47,0.43,4,246,3,0,0,0,support,low
0.65,0.86,4,264,2,1,0,0,hr,low
0.99,0.57,3,221,3,0,0,0,technical,low
0.51,0.6,5,175,3,0,0,0,technical,medium
0.54,1,3,169,2,0,0,0,support,medium
0.1,0.92,6,243,4,1,1,0,sales,low
0.7,0.95,3,158,2,0,0,0,product_mng,medium
0.9,0.92,5,245,5,0,1,0,sales,low
0.98,0.7,3,255,2,1,0,0,marketing,low
0.15,0.75,3,259,8,1,0,0,marketing,high
0.91,0.62,5,169,4,0,0,0,management,medium
0.86,0.98,5,233,3,0,0,0,technical,low
0.7,0.73,4,240,2,1,0,0,technical,medium
0.88,0.91,4,233,4,0,0,0,technical,high
0.91,0.71,5,156,3,0,0,0,sales,low
0.92,0.65,3,176,3,0,0,0,IT,low
0.67,0.49,3,247,10,0,0,0,sales,medium
0.5,0.85,4,224,6,0,0,0,support,high
0.82,0.75,4,224,3,0,0,0,sales,low
0.74,0.84,3,239,3,0,0,0,technical,low
0.83,0.94,5,156,3,1,0,0,sales,low
0.89,0.67,3,269,3,0,0,0,sales,medium
0.96,0.42,6,101,4,0,0,0,technical,medium
0.84,0.9,4,237,2,0,0,0,technical,low
0.49,0.65,3,168,4,0,0,0,technical,medium
0.35,0.54,3,128,3,0,0,0,support,medium
0.87,0.94,4,274,5,0,1,0,IT,low
0.78,0.95,3,249,4,0,0,0,RandD,low
0.83,0.84,3,267,3,0,0,0,product_mng,high
0.78,0.69,4,202,3,0,0,0,product_mng,low
0.51,0.96,3,192,3,0,0,0,sales,medium
0.5,0.73,4,271,2,0,0,0,hr,low
0.66,0.61,4,263,4,0,0,0,sales,medium
0.81,0.52,4,274,3,0,0,0,technical,medium
0.09,0.96,6,259,4,0,1,0,support,low
0.21,0.76,4,165,6,1,0,0,product_mng,low
0.62,0.91,3,251,10,0,0,0,sales,medium
0.73,1,4,268,5,0,1,0,sales,medium
0.75,0.89,6,250,2,0,0,0,marketing,medium
0.36,0.54,2,127,3,0,1,0,marketing,low
0.72,0.71,4,256,3,0,0,1,sales,medium
0.92,0.68,5,177,4,0,0,0,support,medium
0.94,0.89,2,118,4,0,0,0,support,medium
0.51,0.86,5,212,2,0,0,0,support,low
0.11,0.79,6,292,4,0,1,1,technical,low
0.45,0.48,2,136,3,0,1,0,product_mng,medium
0.88,0.88,5,232,5,1,1,0,accounting,medium
0.59,0.42,3,196,3,0,0,0,product_mng,low
0.63,0.8,3,267,3,0,0,0,technical,low
0.4,0.51,2,139,3,0,1,0,support,low
0.57,0.9,3,262,2,0,0,0,product_mng,medium
0.13,0.84,5,189,5,0,0,0,technical,low
0.46,0.88,5,169,3,0,0,0,management,medium
0.66,0.66,4,255,5,0,0,0,sales,low
0.09,0.9,7,289,4,0,1,0,product_mng,low
0.78,0.63,3,202,2,0,0,0,technical,low
0.74,0.79,5,121,5,0,0,1,management,high
0.51,0.63,4,198,2,0,0,0,management,medium
0.67,0.49,5,241,8,0,0,0,sales,medium
0.64,0.67,4,252,3,1,0,0,sales,medium
0.11,0.9,6,263,4,0,1,0,IT,low
0.59,0.63,4,153,3,1,0,0,sales,low
0.21,0.49,3,253,3,0,0,0,hr,low
0.85,0.78,5,263,2,1,0,0,technical,low
0.12,0.95,3,236,3,0,0,0,technical,medium
0.78,0.8,4,175,3,0,0,0,product_mng,medium
0.95,0.69,3,225,2,0,0,0,technical,high
0.51,0.53,3,156,3,0,0,0,management,low
0.41,0.96,6,171,5,1,0,0,support,medium
0.5,0.99,4,272,2,0,0,0,sales,medium
0.61,0.5,4,269,3,0,0,0,IT,medium
0.23,0.48,5,221,6,0,0,0,sales,medium
0.72,0.7,3,163,3,1,0,0,sales,medium
0.38,0.64,5,160,3,0,0,0,support,high
0.89,0.79,5,257,3,0,0,0,marketing,medium
0.89,0.74,5,260,6,0,0,0,technical,medium
0.5,0.86,3,180,7,0,0,1,management,high
0.72,0.49,3,203,3,0,0,1,RandD,medium
0.69,0.69,4,195,2,0,0,0,sales,medium
0.88,0.71,4,250,3,0,0,0,RandD,medium
0.77,0.84,3,188,4,0,0,0,sales,medium
0.79,0.56,5,250,2,1,0,1,management,medium
0.39,0.55,2,156,3,0,1,0,product_mng,medium
0.43,0.45,2,140,3,0,1,0,sales,low
0.12,0.73,6,166,3,0,0,0,IT,low
0.22,0.65,5,174,5,1,0,0,RandD,medium
0.3,0.53,3,210,6,0,0,0,marketing,medium
0.98,0.53,4,192,2,1,0,0,sales,low
0.95,0.4,5,286,4,0,0,0,support,low
0.45,0.51,2,147,3,0,1,0,sales,low
0.77,0.83,5,216,4,0,0,0,IT,medium
0.77,0.5,4,281,2,0,0,0,sales,low
0.38,0.57,2,140,3,0,1,0,sales,low
0.85,0.6,4,255,4,0,0,0,hr,low
0.81,0.74,2,228,3,0,0,0,management,high
0.93,0.58,3,215,3,0,0,0,sales,medium
0.7,0.91,5,139,3,1,0,0,technical,medium
0.1,0.95,7,296,4,0,1,0,technical,low
0.92,0.96,3,154,2,1,0,0,sales,low
0.45,0.46,3,179,2,1,0,0,sales,low
0.98,0.66,3,154,2,0,0,0,hr,medium
0.11,0.91,6,279,4,0,1,0,sales,low
0.91,0.53,4,212,3,0,0,0,technical,low
0.85,0.55,2,207,6,0,0,0,sales,low
0.44,0.92,6,268,4,1,0,0,accounting,medium
0.67,0.36,4,97,4,0,0,0,sales,medium
0.66,0.5,3,229,3,0,0,0,marketing,low
0.86,0.56,5,215,2,0,0,0,sales,low
0.58,0.76,5,260,2,1,0,0,technical,low
0.58,0.91,3,154,10,0,0,0,product_mng,high
0.17,0.51,6,213,3,0,0,0,RandD,medium
0.43,0.54,2,153,3,0,1,0,product_mng,medium
0.96,0.85,4,173,3,0,0,0,marketing,high
0.89,1,5,246,5,0,1,0,sales,low
0.83,0.92,4,255,5,0,1,0,accounting,low
0.96,0.85,4,200,4,0,0,0,technical,medium
0.74,0.64,4,268,3,0,0,0,sales,low
0.68,0.56,3,146,3,0,0,0,technical,low
0.59,0.58,4,233,4,0,0,0,support,low
0.98,0.67,4,209,6,0,0,0,marketing,low
0.11,0.93,7,284,4,0,1,0,technical,low
0.54,0.49,3,203,3,1,0,0,product_mng,medium
0.64,0.94,3,150,2,0,0,0,technical,medium
0.48,0.54,3,190,3,0,0,0,technical,medium
0.85,0.95,4,171,3,0,0,0,technical,medium
0.76,0.88,5,265,4,0,0,0,support,low
0.56,0.39,3,106,8,0,0,0,management,high
0.74,0.92,4,261,5,0,1,0,technical,medium
0.9,0.83,3,273,4,0,0,0,support,medium
0.94,0.74,5,171,3,0,0,0,IT,low
0.4,0.47,2,144,3,0,1,0,hr,medium
0.97,0.4,4,258,4,1,0,0,technical,medium
0.13,1,4,157,5,1,0,0,technical,low
0.49,0.63,3,175,2,0,0,0,accounting,low
0.78,0.81,3,222,2,0,1,0,sales,low
0.52,0.85,3,250,4,0,0,0,sales,low
0.63,0.81,5,189,3,0,0,0,technical,medium
0.82,0.78,5,231,2,1,0,0,IT,low
0.37,0.51,2,140,3,0,1,0,support,medium
0.93,0.86,4,192,4,0,0,0,IT,high
0.37,0.54,2,131,3,1,1,0,hr,medium
0.2,0.97,6,224,5,1,0,0,support,medium
0.56,0.56,2,153,2,0,0,0,product_mng,medium
0.85,0.51,3,242,3,0,0,0,hr,medium
0.9,0.56,3,151,3,0,0,0,sales,medium
0.76,0.79,3,247,3,0,0,0,sales,low
0.65,0.59,4,192,3,0,0,0,technical,low
0.5,0.57,3,223,3,0,0,0,technical,low
0.89,0.78,4,223,3,0,0,0,product_mng,low
0.65,0.9,6,217,4,1,0,1,RandD,medium
0.6,0.88,4,175,3,0,0,0,support,low
0.55,0.49,2,180,5,1,0,0,technical,low
0.58,0.75,4,255,3,0,0,0,sales,medium
0.86,0.57,3,162,7,0,0,0,sales,medium
0.63,0.62,4,286,5,1,0,0,RandD,low
0.23,0.96,2,234,4,0,0,0,sales,medium
0.61,0.48,4,257,2,0,0,0,support,high
0.55,0.48,3,162,3,0,0,1,management,high
0.98,0.79,4,138,3,0,0,0,accounting,low
0.98,0.75,5,188,2,0,0,0,sales,low
0.52,0.63,3,204,3,0,0,0,technical,medium
1,0.85,3,202,2,0,0,0,hr,medium
0.81,0.44,4,166,4,1,0,0,support,low
0.91,0.67,2,255,4,0,0,0,accounting,low
0.96,0.76,4,152,3,1,0,0,accounting,low
0.19,0.61,4,127,8,0,0,0,sales,low
0.91,0.74,3,150,2,0,0,0,accounting,medium
0.74,0.7,4,260,2,0,0,0,support,low
0.97,0.61,4,262,3,1,0,1,marketing,medium
0.1,0.84,5,298,4,0,1,0,IT,low
0.67,0.97,4,196,3,0,0,0,support,medium
0.09,0.95,7,256,4,0,1,0,marketing,medium
0.59,0.75,2,273,2,0,0,0,IT,high
0.68,0.85,3,199,3,0,0,0,product_mng,low
0.39,0.51,2,151,3,0,1,0,hr,medium
0.59,0.76,4,234,3,0,0,0,sales,high
0.67,0.83,3,171,3,1,0,0,marketing,medium
0.55,0.8,4,260,3,0,0,0,hr,high
0.63,0.81,3,215,3,0,0,0,support,medium
0.47,0.39,6,215,5,0,0,0,sales,medium
0.91,0.6,4,163,5,0,0,0,IT,low
0.74,0.89,4,149,2,0,0,0,sales,low
0.17,0.71,5,257,4,1,0,0,sales,medium
0.24,0.58,5,279,4,0,0,0,marketing,medium
0.63,0.72,6,163,4,0,0,0,IT,high
0.75,0.75,5,133,2,0,0,0,sales,low
0.68,0.7,5,270,3,0,0,0,product_mng,medium
0.94,0.66,4,230,2,0,0,0,sales,low
0.88,0.5,3,170,3,0,0,0,technical,medium
0.83,0.99,5,258,5,0,1,0,support,high
0.91,0.89,4,144,3,1,0,0,technical,low
0.18,0.55,5,217,4,0,0,0,IT,low
0.79,0.57,3,168,2,0,0,0,technical,medium
0.77,0.71,5,250,3,1,0,0,sales,medium
0.5,0.88,4,147,3,0,0,0,support,medium
0.82,0.97,5,263,5,0,1,0,hr,medium
0.72,0.71,5,248,2,0,0,0,marketing,low
0.91,0.75,3,166,2,0,0,0,IT,low
0.92,0.5,5,258,3,0,0,0,hr,medium
0.11,0.83,6,262,5,0,1,0,IT,low
0.5,0.68,4,274,4,0,0,0,sales,medium
1,0.79,5,171,5,0,0,0,IT,medium
0.44,0.51,2,219,4,0,0,0,sales,low
0.59,1,4,275,3,0,0,0,RandD,medium
0.1,0.78,6,310,4,0,1,0,sales,medium
0.1,0.77,6,247,4,0,1,0,sales,low
0.98,0.86,2,219,4,0,0,0,sales,low
0.45,0.64,5,133,4,0,0,0,accounting,medium
0.56,0.94,3,226,2,0,0,0,technical,low
0.99,0.79,3,271,4,0,0,0,marketing,high
0.83,0.93,5,241,3,0,0,0,sales,low
0.6,0.59,3,237,4,1,0,0,product_mng,low
0.86,0.5,4,196,2,0,0,0,sales,low
0.87,0.9,5,258,5,0,1,0,support,low
0.34,0.71,2,160,3,1,0,0,sales,medium
0.37,0.46,2,153,3,0,1,0,sales,low
0.81,0.59,4,187,2,0,0,0,technical,low
0.2,0.98,4,166,4,1,0,0,sales,medium
0.65,0.75,4,270,2,0,0,0,technical,low
0.8,0.8,4,146,3,1,0,0,IT,low
0.85,0.69,5,273,3,1,0,0,hr,low
0.85,0.97,3,256,3,0,0,0,support,low
0.24,0.94,6,144,4,0,0,0,product_mng,low
0.5,0.7,5,264,2,0,0,0,technical,low
0.95,0.71,4,151,4,0,0,0,sales,medium
0.67,0.83,3,220,3,0,0,0,sales,low
0.53,0.64,2,177,4,0,0,0,sales,low
0.16,0.82,6,202,4,1,0,1,sales,medium
0.55,0.49,3,191,3,0,0,0,IT,medium
0.37,0.46,2,129,3,0,1,0,accounting,low
0.67,0.68,4,171,3,0,0,0,sales,low
0.69,0.85,5,246,3,0,0,0,IT,medium
0.22,0.59,5,162,2,0,0,0,support,low
0.9,0.55,3,259,10,1,0,1,management,high
0.28,0.89,4,97,6,0,0,0,management,low
0.9,0.93,4,263,3,1,0,0,support,medium
0.66,0.68,3,258,3,0,0,0,technical,low
0.89,0.58,3,183,4,0,0,0,technical,medium
0.95,0.89,5,132,4,0,0,0,technical,medium
0.49,0.8,2,275,2,0,0,0,sales,low
0.1,0.89,6,246,4,0,1,0,sales,low
0.62,0.71,4,168,2,0,0,0,sales,high
0.56,0.58,5,266,3,0,0,0,technical,low
0.99,0.97,4,211,2,0,0,1,marketing,low
0.76,0.74,5,132,3,0,0,0,technical,medium
0.79,0.92,4,208,2,1,0,0,marketing,low
0.71,0.62,3,258,2,0,0,0,technical,medium
0.76,0.65,4,195,3,0,0,0,sales,low
0.42,0.53,3,181,5,0,0,0,technical,medium
0.78,0.83,4,217,6,0,1,0,support,medium
0.58,0.79,4,130,3,0,0,0,IT,medium
0.75,0.64,4,247,3,1,0,0,sales,medium
0.63,0.91,3,252,2,0,0,0,RandD,high
0.8,0.66,4,223,3,0,0,0,support,medium
0.97,0.5,3,216,3,0,0,0,IT,low
0.87,0.98,4,248,5,0,1,0,sales,low
0.53,0.56,4,281,6,0,1,0,hr,medium
0.6,0.56,5,268,2,0,0,0,support,medium
0.49,0.6,2,113,5,0,0,0,IT,low
0.73,0.69,3,161,3,0,0,0,sales,low
0.93,0.97,3,256,2,1,0,0,product_mng,low
0.78,0.93,4,225,5,0,1,0,sales,medium
0.64,0.96,4,152,5,0,0,0,sales,medium
0.11,0.96,6,280,4,0,1,0,support,low
0.59,0.69,3,186,3,0,0,0,technical,low
0.43,0.56,2,133,3,0,1,0,RandD,low
0.55,0.6,5,271,3,1,0,0,RandD,medium
0.56,0.74,3,265,3,0,0,0,support,medium
0.11,0.93,5,140,5,0,1,0,hr,medium
0.37,0.45,2,131,3,0,1,0,sales,low
0.1,0.95,6,244,5,0,1,0,IT,medium
0.58,0.83,3,226,3,0,0,0,RandD,low
0.6,0.76,5,168,2,1,0,0,accounting,high
0.92,0.84,5,264,3,0,0,0,technical,medium
0.76,0.63,3,162,2,0,0,0,sales,medium
0.6,0.87,3,196,3,1,0,0,technical,high
0.96,0.94,5,235,3,0,0,0,hr,low
0.3,0.57,2,158,2,0,0,0,hr,medium
0.9,0.72,5,237,2,0,0,0,accounting,low
0.64,0.69,5,114,6,0,0,0,support,medium
0.54,0.43,3,192,2,0,0,0,support,low
0.96,0.95,5,189,2,0,0,0,technical,medium
0.98,0.88,5,203,5,1,0,0,sales,medium
0.7,0.6,5,208,3,0,0,0,management,medium
0.68,0.54,4,146,4,0,0,1,marketing,medium
0.98,0.93,5,203,2,0,0,0,technical,medium
0.68,0.65,3,243,2,0,0,0,sales,medium
0.5,0.49,4,222,3,0,0,0,management,high
0.79,0.61,4,227,2,0,0,1,sales,high
0.36,0.55,6,226,6,0,0,0,management,medium
0.94,0.66,5,219,3,0,0,0,support,low
0.4,0.53,2,127,3,0,1,0,support,low
0.55,0.87,3,241,4,0,0,0,IT,low
0.85,0.69,3,263,3,0,0,0,sales,medium
0.64,0.69,3,207,2,1,0,0,IT,low
0.9,0.9,3,147,3,1,0,0,RandD,medium
0.89,0.89,5,262,5,0,1,0,accounting,low
0.99,0.86,3,166,2,0,0,0,support,low
0.23,0.94,5,242,4,0,0,0,support,medium
0.96,0.82,4,201,2,0,0,0,sales,high
0.51,0.55,2,102,7,0,0,1,management,medium
0.49,0.58,3,265,3,0,0,0,support,low
0.58,0.49,3,167,3,0,0,0,IT,medium
0.64,0.89,3,175,3,1,0,0,product_mng,high
0.41,0.54,2,152,3,0,1,0,technical,low
0.36,0.48,2,137,3,0,1,0,technical,low
0.67,0.78,3,235,3,0,0,0,support,low
0.62,0.82,5,151,5,0,0,0,sales,low
0.8,0.85,4,139,2,0,0,0,product_mng,medium
0.46,0.5,2,151,3,0,1,0,technical,medium
0.6,0.59,5,146,4,0,0,0,accounting,low
0.88,0.71,5,246,3,0,0,0,marketing,medium
0.56,0.68,3,109,3,0,0,0,IT,low
0.96,0.72,3,195,2,0,0,0,sales,medium
0.51,0.66,4,182,2,0,0,0,sales,medium
0.17,0.85,6,245,5,0,0,0,sales,medium
0.6,0.82,3,143,3,0,0,0,hr,low
0.73,0.99,5,262,5,0,1,0,product_mng,medium
0.9,1,2,114,5,0,0,0,support,high
0.87,0.92,4,263,3,0,0,0,management,medium
0.56,0.83,3,236,3,1,0,0,technical,medium
0.91,0.71,3,171,2,0,0,0,IT,low
0.81,0.76,5,198,4,0,0,0,IT,medium
0.31,0.63,3,150,3,1,0,0,sales,medium
0.7,0.84,6,161,4,0,1,0,technical,low
0.11,0.88,6,294,4,0,1,0,IT,medium
0.28,0.95,5,191,3,0,0,0,support,high
0.79,0.84,4,240,5,0,1,0,sales,medium
0.86,0.96,4,196,3,0,0,0,sales,low
0.63,0.78,4,275,3,0,0,0,support,low
0.55,0.68,3,185,2,0,0,0,sales,low
0.6,0.85,3,209,2,1,0,0,technical,medium
0.49,0.5,4,187,5,1,0,0,support,medium
0.82,0.49,5,210,3,0,0,0,management,high
0.34,0.82,6,202,3,0,0,0,sales,low
0.54,0.49,4,190,3,0,0,0,technical,medium
0.65,0.97,3,171,3,0,0,0,IT,medium
0.77,0.87,3,275,4,1,0,0,support,medium
0.37,0.47,2,148,3,0,1,0,hr,low
0.77,0.73,3,224,2,1,0,0,sales,low
0.42,0.45,3,227,3,0,0,0,sales,medium
0.57,0.89,4,255,3,1,0,0,technical,low
0.11,0.93,6,290,4,0,1,0,IT,medium
0.88,0.91,3,157,2,0,0,0,technical,medium
0.93,0.5,5,272,3,0,0,0,sales,low
0.68,0.59,4,147,2,0,0,0,marketing,medium
0.94,0.69,3,269,3,0,0,0,sales,low
0.44,0.53,2,127,3,0,1,0,RandD,medium
0.74,0.54,5,221,3,0,0,0,technical,medium
0.87,0.48,5,242,3,0,0,0,sales,medium
0.71,0.36,4,278,4,1,0,0,product_mng,high
0.24,0.7,5,147,6,1,0,0,support,medium
0.32,0.87,2,197,2,1,0,0,technical,medium
0.65,0.64,5,206,3,0,0,0,technical,low
0.8,0.96,3,161,3,0,0,0,technical,low
0.48,0.67,3,183,2,0,0,0,technical,low
0.88,0.61,4,177,4,1,0,0,support,low
0.61,0.56,2,160,3,0,0,0,support,medium
0.5,0.48,2,106,2,0,0,0,support,high
0.29,0.81,3,189,6,0,0,0,technical,low
0.87,0.91,5,268,3,0,0,0,IT,low
0.59,0.55,3,179,3,0,0,0,support,medium
0.96,0.87,5,202,2,0,0,0,marketing,low
0.39,0.48,2,160,3,0,1,0,sales,low
0.41,0.49,2,146,3,0,1,0,IT,low
0.31,0.59,4,138,2,0,0,0,RandD,low
0.43,0.5,2,137,3,0,1,0,support,medium
0.2,0.49,5,199,5,0,0,0,sales,low
0.25,0.62,6,271,5,0,0,0,sales,low
0.87,0.88,3,179,2,0,0,0,sales,medium
0.22,0.89,6,278,5,1,0,0,support,medium
0.52,0.55,5,174,3,1,0,0,sales,medium
0.93,0.67,4,135,3,1,0,0,marketing,medium
0.11,0.94,6,286,4,0,1,0,IT,medium
0.9,0.74,3,260,4,0,0,0,technical,high
0.66,0.85,6,165,5,0,0,0,product_mng,medium
0.71,0.66,3,268,4,0,0,0,marketing,high
0.93,0.5,5,272,3,0,0,0,sales,low
0.11,0.78,6,245,4,0,1,0,technical,low
0.77,0.83,3,204,3,0,0,0,support,low
0.65,0.48,4,144,3,0,0,0,accounting,low
0.64,0.94,3,148,2,0,0,0,product_mng,medium
0.88,0.59,2,144,3,0,0,0,sales,medium
0.56,0.98,3,220,3,0,0,0,technical,low
0.4,0.46,2,127,3,0,1,0,technical,low
0.73,0.68,5,190,2,0,0,0,sales,medium
0.45,0.48,2,158,3,0,1,0,technical,low
0.95,0.95,4,204,3,1,0,0,marketing,low
0.61,1,5,139,2,0,0,0,sales,medium
0.11,0.81,6,266,4,1,1,0,sales,medium
0.1,0.85,7,279,4,0,1,0,RandD,medium
0.76,0.95,4,259,5,0,1,0,RandD,low
0.85,0.55,4,260,2,1,0,0,sales,low
0.94,0.8,4,266,3,1,0,0,support,medium
0.4,0.47,2,136,3,0,1,0,hr,medium
0.14,0.83,5,175,6,1,0,0,IT,low
0.11,0.93,4,295,3,0,1,0,technical,low
0.49,0.71,3,196,3,0,0,0,RandD,low
0.85,0.6,5,178,2,0,0,0,technical,medium
0.38,0.52,2,153,3,0,1,0,support,low
0.96,0.55,3,164,3,0,0,0,sales,medium
0.37,0.48,2,159,3,0,1,0,sales,low
0.74,0.67,3,273,3,1,0,0,hr,low
0.92,0.89,3,220,2,0,0,0,technical,low
0.11,0.8,6,306,4,0,1,0,sales,low
0.48,0.9,4,201,4,0,0,0,marketing,medium
0.91,0.93,4,184,3,0,0,0,technical,low
0.91,0.94,4,264,4,0,0,0,technical,low
0.99,0.66,3,202,3,0,0,0,sales,medium
0.9,0.8,4,240,3,0,0,0,hr,medium
0.7,0.89,3,183,5,0,1,0,support,low
0.79,0.89,4,240,3,0,0,0,sales,medium
0.73,0.86,4,245,6,0,1,0,sales,low
0.39,0.48,2,141,3,0,1,0,product_mng,medium
0.69,0.9,2,155,2,0,0,0,technical,low
0.4,0.54,2,141,3,0,1,0,technical,medium
0.6,0.86,6,247,6,0,0,0,product_mng,medium
0.39,0.91,2,212,2,0,0,0,management,high
0.31,0.7,3,132,3,0,0,0,product_mng,low
0.81,0.64,4,213,3,0,0,0,support,medium
0.44,0.51,2,145,3,0,1,0,support,low
0.99,0.86,3,167,2,0,0,0,sales,low
0.89,0.92,5,242,5,0,1,0,sales,low
0.69,0.66,5,106,5,0,0,0,sales,low
0.66,0.91,4,234,2,1,0,0,IT,medium
0.75,0.52,3,260,3,1,0,0,sales,low
0.67,0.91,2,245,2,1,0,1,sales,medium
0.11,0.94,6,266,4,0,1,0,support,low
0.1,0.94,6,287,4,0,1,0,technical,medium
0.1,0.9,5,263,4,0,1,0,hr,low
0.89,0.89,3,138,2,0,0,0,RandD,medium
0.6,0.62,4,135,2,1,0,0,sales,medium
0.45,0.6,2,98,3,0,0,0,product_mng,low
0.73,0.67,4,153,3,0,0,0,IT,high
0.94,0.71,4,189,3,0,0,0,support,medium
0.81,0.92,5,239,5,0,1,0,product_mng,low
0.62,0.75,3,149,2,1,0,0,technical,medium
0.55,0.58,3,254,2,0,0,0,management,high
0.46,0.5,2,141,3,0,1,0,sales,low
0.81,0.81,5,215,2,0,0,0,sales,low
0.67,0.74,3,226,3,0,0,0,product_mng,low
0.53,0.96,4,272,2,0,0,0,support,low
0.85,0.85,5,267,5,0,1,0,support,medium
0.97,0.74,4,209,2,0,0,0,sales,low
0.09,0.79,6,275,4,0,1,0,sales,low
0.4,0.51,2,145,3,0,1,0,hr,low
0.42,0.51,2,136,3,0,1,0,technical,medium
0.8,0.77,5,256,2,0,0,0,technical,low
0.45,0.75,2,246,2,0,0,0,product_mng,medium
0.61,0.52,5,255,3,0,0,0,support,medium
0.63,0.8,4,243,2,0,0,0,sales,medium
0.58,0.87,4,181,3,0,0,0,IT,medium
0.42,0.54,2,156,3,0,1,0,sales,medium
0.43,0.53,2,143,3,0,1,0,accounting,medium
0.62,0.5,4,156,2,0,0,0,support,medium
0.83,0.67,4,139,3,0,0,0,technical,medium
0.59,0.63,5,243,2,0,0,0,accounting,medium
0.67,0.95,3,229,3,0,0,0,sales,medium
0.89,0.92,5,237,5,0,1,0,sales,medium
0.84,0.96,6,155,5,0,0,0,product_mng,medium
0.87,0.98,4,238,3,1,0,0,management,low
0.54,0.75,3,240,3,0,0,0,support,medium
0.37,0.56,2,156,3,0,1,0,sales,medium
0.7,0.88,4,180,2,0,0,0,support,medium
0.37,0.52,2,143,3,0,1,0,marketing,low
0.82,0.52,5,270,3,0,0,0,technical,medium
0.83,0.99,5,132,3,0,0,0,technical,low
0.56,0.82,3,208,2,0,0,0,support,medium
0.54,0.42,6,218,3,0,0,0,technical,medium
0.34,0.41,2,141,3,0,0,0,technical,medium
0.84,0.5,4,178,2,0,0,0,sales,low
0.92,0.91,3,160,2,0,0,0,marketing,high
0.59,0.84,4,245,3,0,0,0,technical,medium
0.37,0.47,2,159,3,1,1,0,product_mng,medium
0.68,0.75,5,243,3,1,0,0,support,low
0.13,0.76,5,217,3,0,0,0,support,low
0.97,0.97,4,242,2,0,0,0,accounting,medium
0.09,0.9,7,296,4,0,1,0,technical,medium
0.55,0.4,3,139,8,0,0,1,hr,medium
0.41,0.46,2,128,3,0,1,0,accounting,low
0.2,0.87,3,140,6,1,0,0,hr,low
0.75,0.75,5,229,2,1,0,0,sales,medium
0.42,0.47,2,159,3,0,1,0,marketing,low
0.51,0.65,4,269,3,0,0,0,support,medium
0.52,0.79,4,234,3,0,0,0,support,low
0.98,0.84,4,200,2,0,0,0,product_mng,medium
0.94,0.89,4,192,2,0,0,0,product_mng,low
0.37,0.54,2,145,3,0,1,0,RandD,medium
0.44,0.55,2,135,3,0,1,0,support,low
0.95,0.73,2,187,2,0,0,0,IT,medium
0.43,0.48,2,144,3,0,1,0,sales,low
0.94,0.58,4,159,3,0,0,0,sales,medium
0.38,0.79,5,176,3,0,0,0,sales,low
0.82,0.9,4,232,3,0,0,0,RandD,low
0.13,0.73,5,206,5,0,0,0,sales,medium
0.68,0.73,3,250,2,0,0,0,support,medium
0.88,1,3,125,3,0,0,0,technical,medium
0.22,0.7,2,274,10,0,0,0,sales,high
0.38,0.51,2,159,3,0,1,0,sales,medium
0.09,0.85,6,289,4,0,1,0,hr,high
0.74,0.87,5,264,3,0,0,0,accounting,high
0.81,0.51,3,162,2,0,0,0,IT,medium
0.78,0.9,5,158,3,0,0,0,sales,low
0.12,0.9,3,200,3,0,0,0,support,low
0.72,0.64,4,140,2,0,0,0,sales,low
0.48,0.64,4,146,2,0,0,0,marketing,low
0.27,0.75,5,264,3,0,0,0,technical,medium
0.09,0.94,6,283,5,0,1,0,IT,low
0.56,0.92,4,224,3,0,0,0,sales,medium
0.11,0.78,6,245,4,0,1,0,technical,low
0.11,0.94,6,276,4,0,1,0,sales,low
0.71,0.56,3,198,3,0,0,0,sales,medium
0.63,0.64,5,189,4,0,0,0,sales,high
0.93,0.62,3,231,6,0,0,0,hr,medium
0.7,0.58,4,207,2,1,0,0,sales,medium
0.63,0.85,3,232,4,0,0,0,IT,medium
0.14,0.52,4,217,6,0,0,0,sales,low
0.41,0.54,2,145,3,0,1,0,support,low
0.46,0.63,2,177,6,0,0,0,RandD,medium
0.81,0.64,4,213,3,0,0,0,support,medium
0.98,0.92,4,175,2,0,0,0,IT,medium
0.82,0.97,3,115,2,1,0,0,support,low
0.75,0.51,4,138,4,0,0,0,marketing,medium
0.45,0.46,2,128,3,0,1,0,sales,low
0.44,0.45,2,156,3,0,1,0,sales,medium
0.87,0.73,5,184,3,0,0,0,product_mng,low
0.43,0.52,2,160,3,0,1,0,technical,low
0.98,0.56,3,103,5,0,0,0,technical,medium
0.75,0.68,3,237,5,0,0,0,sales,low
0.37,0.49,3,177,3,0,0,0,marketing,high
0.92,0.48,4,208,3,0,0,0,support,low
0.87,0.55,4,197,3,0,0,0,technical,high
0.78,0.54,3,134,3,0,0,0,sales,medium
0.5,0.97,4,217,3,0,0,0,hr,low
0.78,0.6,4,143,2,0,0,1,sales,medium
0.43,0.48,2,157,3,0,1,0,sales,medium
0.93,0.74,5,248,8,1,0,0,support,low
0.94,0.52,3,273,3,0,0,0,product_mng,high
0.97,0.94,4,253,3,0,0,0,support,medium
0.78,0.91,5,150,4,0,0,0,support,low
0.85,0.86,4,250,3,0,0,0,technical,low
0.11,0.83,6,244,4,0,1,0,accounting,low
0.43,0.68,3,197,2,0,0,0,technical,low
0.85,0.89,4,150,3,0,0,0,accounting,high
0.72,0.84,4,186,3,0,0,0,hr,low
0.14,0.58,3,179,5,0,0,0,support,low
0.82,0.56,2,227,5,1,0,0,management,high
0.62,0.91,3,269,8,0,0,0,support,medium
0.16,0.7,6,246,4,0,0,0,support,medium
0.77,0.58,4,243,4,1,0,1,sales,medium
0.38,0.57,2,152,3,1,1,0,hr,low
0.96,0.81,3,212,3,0,0,0,support,medium
0.11,0.81,5,287,4,0,1,0,sales,low
0.66,0.73,5,249,2,0,0,0,support,medium
0.53,0.8,3,175,3,0,0,0,IT,low
0.51,0.69,3,135,3,0,0,0,IT,medium
0.54,0.82,2,279,3,1,0,0,marketing,low
0.44,0.52,2,137,3,0,1,0,technical,medium
0.37,0.37,3,168,3,0,0,0,hr,low
0.1,0.81,6,252,4,0,1,0,hr,low
0.76,0.55,4,147,3,0,0,0,sales,low
0.89,1,5,246,5,0,1,0,sales,low
0.52,0.55,3,225,2,0,0,0,technical,low
0.73,0.87,5,257,5,0,1,0,IT,low
0.44,0.51,2,127,3,0,1,0,technical,medium
0.17,0.85,3,234,3,0,0,0,RandD,low
0.81,0.81,4,177,3,0,0,0,RandD,medium
0.75,0.86,6,114,4,0,0,0,support,high
0.63,1,5,244,2,0,0,0,hr,medium
0.39,0.51,2,151,3,0,1,0,hr,medium
0.83,0.59,5,160,4,0,0,0,product_mng,low
0.76,0.88,5,265,4,0,0,0,support,low
0.97,0.94,4,253,3,0,0,0,support,medium
0.85,0.52,4,174,2,0,0,0,technical,low
0.81,0.99,4,259,5,0,1,0,sales,low
0.89,0.76,2,278,2,0,0,0,sales,medium
0.98,0.97,3,209,3,0,0,0,support,low
0.74,0.64,4,147,5,0,0,0,technical,medium
0.95,0.9,3,155,3,0,0,0,technical,medium
0.72,0.68,4,238,3,0,0,0,support,low
0.67,0.36,3,280,4,0,0,0,support,low
0.1,0.83,6,295,4,0,1,0,product_mng,medium
0.89,0.87,5,225,5,0,1,0,product_mng,low
0.74,0.91,4,232,5,0,1,0,technical,medium
0.68,0.41,4,254,5,0,0,0,product_mng,low
0.11,0.92,6,260,4,0,1,0,support,low
0.19,0.64,5,231,4,1,0,0,IT,medium
0.38,0.5,2,140,3,0,1,0,sales,low
0.53,0.51,4,240,2,0,0,0,marketing,low
0.61,0.51,3,141,2,0,0,0,sales,low
0.4,0.49,2,143,3,0,1,0,product_mng,medium
0.94,0.82,4,187,3,0,0,0,sales,low
0.87,0.88,5,269,5,0,1,0,technical,low
0.19,0.9,5,172,2,0,0,0,support,low
0.2,0.53,6,189,4,0,0,0,marketing,medium
0.69,0.68,4,225,3,0,0,0,technical,low
0.66,0.68,3,202,3,0,0,0,technical,low
0.82,0.86,5,257,5,0,1,0,sales,low
0.72,0.87,5,223,5,0,1,0,sales,low
0.61,0.76,4,135,2,0,0,0,hr,low
0.15,0.74,6,212,2,0,0,0,sales,low
0.45,0.47,2,151,3,0,1,0,accounting,medium
0.55,0.68,3,178,3,1,0,0,technical,high
0.89,0.57,3,252,2,0,0,0,support,medium
0.61,0.78,4,198,3,0,0,0,sales,medium
0.8,0.57,3,162,2,0,0,0,IT,medium
0.14,0.99,6,251,4,0,0,0,product_mng,low
0.15,0.69,6,213,6,0,0,0,sales,low
0.1,0.88,7,267,4,0,1,0,management,medium
0.62,0.71,4,268,3,0,0,0,technical,low
0.48,0.88,3,239,3,0,1,0,sales,low
0.91,0.91,6,167,2,1,0,0,sales,low
0.76,0.51,4,242,3,0,0,0,sales,medium
0.66,0.95,4,224,2,0,0,0,sales,medium
0.49,0.36,2,192,3,0,0,0,sales,low
0.38,0.49,2,155,3,0,1,0,marketing,low
0.17,0.48,6,270,5,0,0,0,technical,low
0.5,0.54,5,173,2,0,0,0,accounting,medium
0.85,0.86,3,231,3,0,0,0,support,medium
0.22,0.96,3,213,3,0,0,0,support,high
0.13,0.58,4,203,4,0,0,0,technical,low
0.25,0.98,6,287,5,1,0,0,sales,low
0.61,0.9,3,263,3,0,0,0,IT,medium
0.72,0.7,3,149,3,0,0,0,support,medium
0.97,0.47,3,157,4,0,0,0,marketing,low
0.85,0.68,3,272,2,1,0,0,support,medium
0.91,0.63,4,226,3,1,0,0,IT,low
0.39,0.75,5,286,5,0,0,0,IT,low
0.36,0.63,3,130,5,0,0,0,accounting,low
0.2,0.93,4,101,5,0,0,0,support,low
0.16,0.56,5,152,5,0,0,0,hr,medium
0.66,0.98,4,225,2,1,0,0,hr,medium
0.56,0.71,5,244,3,0,0,0,product_mng,low
0.38,0.57,2,140,3,0,1,0,sales,low
0.5,0.49,4,222,3,0,0,0,management,high
0.8,0.56,6,111,6,0,0,0,sales,low
0.24,0.46,7,224,5,0,1,0,accounting,medium
0.5,0.48,2,150,3,1,0,0,technical,low
0.13,1,6,225,3,0,0,0,product_mng,medium
0.09,0.91,6,275,4,0,1,0,support,low
0.76,0.83,4,246,2,0,0,0,sales,low
0.87,0.98,4,248,5,0,1,0,sales,low
0.56,0.57,3,205,3,0,0,0,technical,medium
0.69,0.87,3,202,2,0,0,0,sales,medium
0.1,0.87,6,284,4,0,1,0,sales,medium
0.39,0.57,2,145,3,0,1,0,accounting,medium
0.77,1,4,232,5,0,1,0,technical,medium
0.68,0.57,3,197,3,1,0,0,support,medium
0.97,0.74,3,134,3,1,0,0,marketing,high
0.57,0.56,3,241,3,0,0,0,technical,high
0.24,0.65,6,210,5,0,0,0,management,high
0.58,0.8,4,113,3,0,0,0,IT,medium
0.63,0.74,5,227,2,0,0,0,technical,low
0.53,0.69,4,135,3,0,0,0,product_mng,low
0.72,0.68,5,162,5,0,0,0,marketing,low
0.37,0.49,2,151,3,0,1,0,technical,medium
0.87,0.76,5,182,3,0,0,0,RandD,medium
0.63,0.5,4,172,2,0,0,0,technical,low
0.57,0.56,3,191,3,0,0,0,sales,medium
0.99,0.57,4,216,3,0,0,0,sales,high
0.47,0.6,4,263,5,0,0,0,RandD,low
0.5,0.95,3,198,4,0,0,0,accounting,low
0.37,0.52,2,143,3,0,1,0,marketing,low
0.68,0.93,4,179,2,0,0,0,sales,medium
0.96,0.48,3,202,6,0,0,0,technical,low
0.37,0.45,2,151,3,0,1,0,support,low
0.97,0.66,4,193,4,0,0,0,accounting,low
0.92,0.93,5,240,5,0,1,0,sales,low
0.81,0.99,4,259,5,0,1,0,sales,low
0.63,0.4,6,177,2,1,0,0,sales,medium
0.09,0.81,6,257,4,0,1,0,support,low
0.78,0.54,3,161,3,0,0,0,support,medium
0.72,0.82,5,269,5,0,1,0,technical,low
0.65,0.68,4,128,5,0,0,0,product_mng,low
0.98,0.91,4,240,3,0,0,0,technical,low
0.82,0.87,5,145,6,0,0,0,hr,medium
0.36,0.55,2,141,3,0,1,0,hr,medium
0.84,0.68,3,231,3,0,0,0,product_mng,low
0.94,0.52,4,217,6,1,0,0,support,low
0.62,0.51,4,175,3,0,0,0,support,low
0.64,0.61,4,136,3,0,0,0,sales,high
0.21,0.78,4,218,6,0,0,0,technical,low
0.56,0.7,4,135,2,0,0,0,sales,low
0.55,0.6,3,180,4,0,1,0,technical,medium
0.59,0.49,4,149,4,0,0,0,support,low
0.81,0.92,4,268,3,0,0,0,sales,low
0.65,0.63,3,137,3,0,0,0,sales,high
0.51,0.78,5,225,4,0,0,0,RandD,low
0.76,0.79,3,247,3,0,0,0,sales,low
0.72,0.94,4,240,4,0,0,0,accounting,low
0.91,0.6,5,150,3,0,0,0,product_mng,medium
0.77,0.68,3,98,3,0,0,0,support,medium
0.22,0.84,3,131,5,1,0,0,technical,low
0.91,0.58,3,172,3,0,0,0,hr,low
0.9,0.92,5,245,5,0,1,0,sales,low
0.19,0.76,3,107,5,0,0,0,support,low
0.41,0.47,2,154,3,0,1,0,sales,low
0.98,0.99,5,141,3,0,0,0,sales,low
0.82,0.8,5,205,3,0,0,0,IT,low
0.75,0.71,4,209,3,0,0,0,sales,medium
0.34,0.97,6,157,5,1,1,0,RandD,low
0.68,0.81,3,180,2,1,0,0,sales,high
0.89,0.47,4,108,3,0,0,0,technical,low
0.49,0.69,4,270,3,0,0,0,sales,low
0.61,0.55,5,266,2,0,0,0,sales,medium
0.65,0.99,5,240,5,0,0,0,RandD,medium
1,0.84,3,215,2,0,0,0,sales,medium
0.92,0.69,3,192,3,0,0,0,accounting,medium
0.94,0.6,4,215,2,1,0,0,IT,medium
0.4,0.46,2,127,3,0,1,0,technical,low
0.8,0.94,4,141,3,1,0,0,product_mng,medium
0.89,0.92,3,195,2,0,0,0,marketing,medium
0.92,0.96,5,174,3,1,0,0,technical,low
0.56,0.47,5,185,4,0,0,0,product_mng,medium
0.49,0.49,3,168,7,0,0,0,sales,low
0.95,0.67,3,153,2,0,0,0,sales,low
0.5,0.85,4,138,3,0,1,0,accounting,medium
0.98,0.74,4,151,3,0,0,0,sales,medium
0.8,0.62,3,171,3,0,0,0,technical,low
0.74,0.82,5,154,2,0,0,0,technical,medium
0.94,0.46,2,230,2,1,0,0,support,low
1,0.85,4,156,3,0,0,0,sales,low
0.48,0.77,5,250,2,0,0,1,RandD,medium
0.77,0.97,3,184,3,1,0,0,marketing,medium
0.5,0.99,2,258,3,1,0,0,sales,medium
0.76,0.78,3,162,3,0,0,0,technical,medium
0.42,0.57,2,134,3,0,1,0,product_mng,medium
0.95,0.84,3,240,7,0,0,0,sales,medium
0.43,0.46,2,129,3,0,1,0,technical,medium
0.59,0.55,4,235,2,0,0,0,IT,medium
0.54,0.94,5,229,3,1,0,0,product_mng,low
0.72,0.68,5,266,4,0,0,0,sales,medium
0.3,0.68,3,229,6,0,0,0,support,medium
0.11,0.77,6,264,4,0,1,0,technical,low
0.69,0.54,5,152,3,1,0,0,management,medium
0.48,0.94,3,173,2,0,0,0,management,low
0.97,0.52,4,207,3,0,0,0,product_mng,low
0.59,0.84,4,251,4,1,0,1,management,low
0.86,1,4,232,5,0,1,0,product_mng,medium
0.5,0.76,3,174,3,0,0,0,sales,medium
0.82,0.93,4,246,5,0,1,0,sales,medium
0.59,0.41,4,139,3,0,0,0,accounting,low
0.84,0.93,5,236,5,0,1,0,support,medium
0.67,0.64,4,149,4,0,0,0,technical,low
0.99,0.68,5,264,10,1,0,0,support,medium
0.4,0.46,2,128,3,0,1,0,management,low
0.88,0.6,4,162,2,0,0,0,technical,low
0.38,0.42,2,127,4,0,0,0,sales,medium
0.59,0.37,3,125,2,0,0,0,RandD,medium
0.9,0.78,4,225,2,1,0,0,sales,medium
0.66,0.51,4,254,2,0,0,0,sales,medium
0.21,0.65,3,183,3,0,0,0,technical,low
0.62,0.75,3,180,3,0,0,0,support,medium
0.99,0.39,6,214,5,1,0,0,sales,low
0.1,0.84,5,298,4,0,1,0,IT,low
0.65,0.79,4,241,4,0,0,0,IT,medium
0.65,0.52,2,117,10,1,0,0,support,low
0.73,0.87,3,181,3,0,0,0,support,low
0.76,0.98,2,235,3,0,0,0,management,high
0.87,0.66,3,270,2,0,0,0,product_mng,low
0.71,0.69,3,274,3,0,0,0,support,medium
0.62,0.48,4,271,3,0,0,0,sales,low
0.81,0.96,4,219,2,0,0,0,technical,low
0.85,0.64,5,256,7,0,0,0,product_mng,low
0.68,1,4,185,2,1,0,0,sales,low
0.83,0.95,4,251,5,0,1,0,marketing,medium
0.11,0.8,6,259,5,0,1,0,support,medium
0.42,0.48,5,191,5,0,0,0,RandD,medium
0.73,0.63,4,174,3,0,0,0,accounting,low
0.44,0.66,6,134,8,0,0,0,RandD,high
0.96,0.88,3,168,2,0,0,0,sales,low
0.43,0.47,2,137,3,0,1,0,marketing,medium
0.73,0.88,4,148,2,0,0,0,support,low
0.98,0.55,3,166,6,1,0,0,sales,medium
0.56,0.75,4,141,3,0,0,0,sales,low
0.1,0.79,6,294,4,0,1,0,technical,medium
0.88,0.89,2,201,3,0,0,0,accounting,high
0.57,0.82,5,138,3,0,0,0,technical,low
0.83,0.98,4,254,5,0,1,0,technical,low
0.54,0.77,3,185,3,0,0,0,support,medium
0.48,0.62,4,210,2,0,0,0,sales,medium
0.63,0.66,4,157,2,0,0,0,support,medium
0.84,0.96,3,161,2,1,0,0,sales,low
0.96,0.62,5,128,5,0,0,0,support,low
0.67,0.7,5,159,3,1,0,0,support,medium
0.11,0.96,7,244,4,0,1,0,support,low
0.45,0.51,2,149,3,0,1,0,accounting,low
0.65,0.6,4,200,4,0,0,0,RandD,low
0.69,0.91,5,205,2,0,0,0,IT,low
0.39,0.54,2,154,3,0,1,0,marketing,low
0.94,0.7,6,217,5,0,0,0,sales,low
0.78,0.63,3,192,2,0,0,0,support,medium
0.97,0.87,3,207,4,0,0,0,RandD,low
0.71,0.76,3,246,3,0,0,0,hr,low
0.98,0.58,4,133,3,0,0,0,sales,low
0.68,0.6,2,192,6,0,0,0,support,low
0.9,0.57,4,185,3,1,0,0,technical,medium
0.49,0.69,2,128,2,0,0,0,support,medium
0.79,0.96,4,234,5,0,1,0,marketing,low
0.73,0.36,4,253,2,1,0,0,RandD,low
0.96,0.78,3,135,3,0,0,0,sales,medium
0.39,0.48,2,151,3,0,1,0,sales,low
0.58,0.91,3,195,10,0,0,0,support,low
0.89,0.57,4,176,4,0,0,0,support,high
0.8,0.93,3,225,4,0,0,0,product_mng,low
0.1,0.85,6,297,5,0,1,0,sales,high
0.51,0.8,5,268,3,0,0,0,RandD,medium
0.5,0.7,3,159,3,0,0,0,hr,low
0.1,0.91,6,285,4,0,1,0,sales,medium
0.69,0.86,4,238,3,0,0,0,technical,high
0.66,0.71,3,136,3,1,0,0,technical,medium
0.11,0.9,6,264,4,0,1,0,technical,medium
0.58,0.9,3,209,2,0,0,0,management,high
0.7,0.92,5,182,3,0,0,0,hr,low
0.63,0.76,4,217,2,1,0,0,IT,medium
0.85,0.87,4,273,5,0,1,0,RandD,medium
0.46,0.45,2,138,3,0,1,1,IT,low
0.15,0.56,6,140,5,0,0,0,support,medium
0.1,0.81,6,309,4,0,1,0,technical,low
0.8,0.78,3,251,3,0,0,0,sales,high
0.59,0.54,4,178,2,0,0,0,support,medium
0.78,0.61,5,260,2,0,0,0,accounting,medium
0.51,0.5,5,242,2,0,0,0,sales,low
0.16,0.52,3,100,4,0,0,0,support,medium
0.99,0.94,5,221,2,0,0,0,sales,medium
0.77,0.83,6,271,3,0,0,0,support,low
0.67,0.49,3,224,3,0,0,0,IT,low
0.72,0.85,5,237,4,0,0,0,accounting,low
0.93,0.7,5,231,7,0,0,1,sales,high
0.6,0.49,3,239,2,0,0,0,sales,medium
0.14,0.56,5,259,4,1,0,0,IT,low
0.87,0.98,3,174,3,0,0,0,hr,low
0.97,0.82,4,176,2,0,0,0,sales,low
0.4,0.47,5,108,3,0,0,0,sales,medium
0.09,0.95,6,292,4,0,1,0,sales,medium
0.5,0.87,5,245,2,0,0,0,technical,low
0.96,0.71,4,210,3,0,0,0,technical,medium
0.39,0.49,2,142,3,0,1,0,sales,low
0.83,0.84,4,206,2,0,0,0,sales,medium
0.7,0.73,4,182,3,0,0,0,IT,medium
0.37,0.48,2,160,3,0,1,0,support,low
0.97,0.91,2,112,5,0,0,0,IT,low
0.91,0.6,4,133,4,1,0,0,sales,medium
0.42,0.46,2,150,3,0,1,0,sales,medium
0.91,0.94,5,159,3,0,0,0,technical,low
0.6,0.98,4,205,4,0,0,0,hr,medium
0.6,0.6,3,258,3,0,0,0,sales,low
0.98,0.87,4,152,2,0,0,0,sales,high
0.43,0.53,2,150,3,0,1,0,sales,low
0.49,0.88,4,240,8,0,0,0,product_mng,medium
0.42,0.51,3,190,4,0,0,0,support,low
0.73,0.57,3,146,2,0,0,0,product_mng,low
0.21,0.82,4,207,5,0,0,0,technical,high
0.63,0.98,4,228,3,0,0,0,marketing,medium
0.23,0.66,4,212,4,1,0,0,accounting,low
0.1,0.81,7,270,4,0,1,0,RandD,medium
0.51,0.6,4,140,3,0,0,0,marketing,medium
0.39,0.41,6,115,3,0,0,0,sales,low
0.09,0.95,6,304,4,0,1,0,sales,low
0.91,0.5,3,276,4,0,0,0,support,low
0.51,0.87,3,180,4,0,0,0,hr,low
0.54,0.48,3,275,2,0,0,0,sales,high
0.78,0.79,3,203,2,0,0,0,sales,low
0.8,1,5,260,5,0,1,0,hr,low
0.94,0.51,6,239,5,0,0,0,sales,medium
0.3,0.86,6,232,3,0,0,0,technical,medium
0.63,1,5,241,4,0,0,0,RandD,medium
0.64,0.57,4,217,3,0,0,0,marketing,high
0.76,0.72,3,242,5,1,0,0,technical,medium
0.7,0.7,3,224,3,0,0,0,sales,low
0.85,0.65,4,280,3,1,0,0,IT,medium
0.2,0.98,2,228,3,0,0,0,sales,low
0.75,0.75,3,273,3,0,0,0,marketing,medium
0.68,0.7,5,168,2,0,0,0,accounting,medium
0.69,0.86,5,195,6,0,0,0,management,high
0.44,0.69,2,173,2,0,0,0,technical,medium
0.51,0.56,4,168,2,0,0,0,sales,low
0.76,0.89,5,238,5,0,1,0,technical,high
0.93,0.94,4,217,2,0,0,0,management,low
0.73,0.6,3,137,3,0,0,0,hr,medium
0.6,0.8,4,253,2,0,0,0,technical,low
0.62,0.97,4,266,3,0,0,0,management,low
0.11,0.87,7,282,5,0,1,0,technical,low
0.35,0.71,6,204,4,1,0,0,technical,medium
0.88,0.75,5,152,3,0,0,0,hr,high
0.92,0.69,4,149,6,1,0,0,RandD,medium
0.56,0.59,3,223,3,0,0,0,support,medium
0.56,0.57,4,161,3,0,0,0,sales,medium
0.37,0.51,2,155,3,0,1,0,sales,low
0.61,0.72,4,209,2,0,0,0,support,medium
0.11,0.8,6,282,4,0,1,0,technical,medium
0.55,0.64,4,201,10,1,0,0,management,medium
0.32,0.4,2,132,3,0,0,0,technical,low
0.65,0.55,3,156,5,0,0,0,marketing,low
0.78,0.9,5,158,3,0,0,0,sales,low
0.95,0.88,3,266,2,1,0,0,support,high
0.77,0.89,4,269,10,0,0,0,management,high
0.85,0.88,5,236,4,0,0,0,technical,medium
0.52,0.96,5,251,2,1,0,0,sales,low
0.84,0.58,5,186,2,0,0,0,sales,medium
0.09,0.97,7,268,4,0,1,0,support,medium
0.4,0.5,2,128,3,0,1,0,sales,low
0.4,0.5,2,141,3,1,1,0,technical,low
0.86,0.91,4,147,3,0,0,0,technical,medium
0.52,0.63,3,171,2,0,0,0,sales,low
0.52,0.61,4,163,2,0,0,0,technical,low
0.64,0.75,4,170,3,0,0,0,support,medium
0.92,0.74,3,137,2,0,0,0,support,low
0.62,0.61,3,266,2,0,0,0,management,high
0.44,0.51,2,134,3,0,1,0,hr,medium
0.29,0.38,5,191,5,0,0,0,management,medium
0.32,0.6,2,280,4,0,1,0,technical,low
0.81,0.78,3,165,3,0,0,0,technical,high
0.64,0.45,3,135,6,0,0,0,sales,low
0.59,0.88,3,159,2,0,0,0,technical,medium
0.51,0.96,5,268,4,0,0,0,sales,low
0.39,0.49,2,129,3,0,1,0,technical,medium
0.87,0.82,4,248,2,0,0,0,support,medium
0.7,0.74,4,247,2,0,0,0,sales,low
0.27,0.56,3,301,3,0,1,0,support,low
0.45,0.66,3,111,4,0,0,0,sales,low
0.68,0.54,4,146,4,0,0,1,marketing,medium
0.55,0.9,4,177,3,0,0,0,support,medium
0.81,0.89,4,166,2,1,0,0,sales,low
0.61,0.92,3,222,4,0,0,0,sales,medium
0.57,0.64,2,206,3,0,0,0,accounting,low
0.7,0.57,4,150,4,0,0,0,sales,high
0.69,0.75,3,204,3,0,0,0,sales,low
0.74,0.88,4,248,6,0,1,0,accounting,low
0.94,0.73,3,268,10,0,0,0,technical,medium
0.81,0.86,4,213,3,0,0,0,support,low
0.45,0.62,6,129,5,0,0,0,support,low
0.72,0.54,4,219,2,0,0,0,technical,medium
0.45,0.53,2,155,3,0,1,0,IT,low
0.52,0.45,2,145,3,0,0,0,technical,low
0.41,0.46,2,128,3,0,1,0,accounting,low
0.4,0.46,2,132,3,0,1,0,technical,low
0.55,0.64,3,178,2,0,0,1,sales,low
0.97,0.62,6,118,2,0,0,0,accounting,low
0.73,0.78,3,262,7,1,0,1,management,high
0.59,0.62,3,219,3,0,0,0,sales,low
0.56,0.66,5,216,2,0,0,0,technical,high
0.1,0.77,7,291,4,0,1,0,accounting,low
0.61,0.74,3,160,3,0,0,0,marketing,medium
0.11,0.85,7,302,4,0,1,0,sales,low
0.49,0.77,3,211,3,0,0,0,IT,high
0.68,0.72,3,213,3,0,0,1,marketing,medium
0.57,0.69,4,255,3,0,0,0,hr,medium
0.87,1,5,274,5,0,1,0,hr,low
0.88,0.77,3,279,3,1,0,0,sales,medium
0.98,0.86,4,254,2,1,0,0,RandD,low
0.4,0.56,2,148,3,0,1,0,support,low
0.72,0.75,3,166,3,0,0,1,sales,high
0.7,0.87,3,166,2,0,0,0,IT,medium
0.9,0.64,4,139,3,1,0,0,management,medium
0.78,0.43,4,275,3,0,0,0,IT,low
0.38,0.52,2,171,3,0,0,0,accounting,medium
0.79,0.61,4,227,2,0,0,1,sales,high
0.63,0.9,3,142,3,0,0,0,support,medium
0.44,0.48,2,148,3,0,1,0,sales,low
0.94,0.8,5,111,4,0,0,1,RandD,medium
0.42,0.5,2,155,3,0,1,0,hr,low
0.68,0.85,3,243,4,0,0,0,technical,medium
0.72,0.59,5,138,2,0,0,0,sales,low
0.78,0.89,4,272,2,0,0,0,support,low
0.86,0.91,3,234,3,1,0,0,marketing,low
0.67,0.64,4,190,2,0,0,0,sales,medium
0.88,0.98,3,263,3,1,0,0,technical,high
0.57,0.67,5,235,2,0,0,0,product_mng,low
0.63,0.86,3,245,2,0,0,0,marketing,low
0.99,1,4,223,2,1,0,0,product_mng,low
0.11,0.82,6,270,4,0,1,0,product_mng,low
0.91,0.75,4,159,3,1,0,0,support,low
0.4,0.56,2,131,3,0,1,0,IT,low
0.5,0.52,2,178,2,0,0,0,support,medium
0.38,0.49,4,196,3,0,0,1,management,high
0.4,0.89,2,165,3,0,0,0,IT,medium
0.64,0.48,2,157,2,0,0,0,sales,medium
0.2,0.57,4,269,5,1,0,0,IT,low
0.35,0.63,3,156,3,0,0,0,sales,medium
0.92,0.68,4,138,7,0,0,0,sales,medium
0.84,0.86,5,268,5,0,1,0,marketing,medium
0.72,0.55,4,145,3,0,0,0,technical,low
0.53,0.85,5,161,2,0,0,0,technical,medium
0.57,0.55,4,177,8,0,0,0,sales,low
0.86,0.93,2,260,2,0,0,0,support,low
0.53,0.81,5,135,2,0,0,0,sales,medium
0.4,0.52,2,155,3,0,1,0,marketing,low
0.57,0.64,4,226,7,0,0,0,sales,low
0.1,0.94,6,285,4,0,1,0,support,medium
0.94,0.58,3,135,3,0,0,0,IT,low
0.37,0.45,2,149,3,0,1,0,sales,low
0.61,0.47,2,253,3,0,1,0,sales,low
0.38,0.52,2,145,3,0,1,0,sales,low
0.43,0.51,2,140,3,0,1,0,sales,low
0.1,0.97,6,282,4,0,1,0,hr,medium
0.82,0.49,5,203,6,0,0,0,technical,low
0.89,0.56,4,159,3,0,0,0,product_mng,medium
0.9,0.82,5,259,5,0,1,0,support,low
0.65,0.78,4,238,5,1,0,0,hr,low
0.67,0.49,3,247,10,0,0,0,sales,medium
0.42,0.55,2,146,3,0,1,0,hr,low
0.87,0.64,3,187,2,0,0,0,technical,medium
0.9,0.95,3,133,4,0,0,0,technical,medium
0.83,0.79,4,143,3,0,0,0,RandD,low
0.84,0.43,6,246,4,0,0,0,technical,medium
0.41,0.56,2,121,2,0,0,0,sales,medium
0.68,0.89,5,218,5,0,0,0,sales,low
0.56,0.45,3,184,3,0,0,0,RandD,medium
0.74,0.58,4,148,2,0,0,0,product_mng,medium
0.88,0.51,4,139,3,0,0,0,sales,low
0.29,0.57,5,98,5,0,0,0,hr,medium
0.37,0.54,2,149,3,0,1,0,support,low
0.14,0.83,5,153,5,1,0,0,sales,medium
0.65,0.51,4,157,3,1,0,0,sales,medium
0.39,0.54,2,132,3,0,1,0,support,low
0.8,0.99,4,255,5,1,0,0,technical,low
0.93,0.65,4,212,4,0,0,0,IT,medium
0.39,0.56,2,160,3,0,1,0,sales,low
0.95,0.66,4,223,10,0,0,0,IT,low
0.13,0.72,3,244,4,0,0,0,technical,medium
0.89,0.91,3,233,2,0,0,0,IT,medium
0.1,0.77,6,265,4,0,1,0,sales,low
0.39,0.5,2,135,3,0,1,0,support,low
0.92,0.67,4,241,3,0,0,0,technical,high
0.38,0.49,4,196,3,0,0,1,management,high
0.68,0.49,4,153,4,0,0,0,sales,low
0.77,0.94,5,226,6,0,1,0,support,low
0.74,0.86,3,186,3,1,0,0,sales,high
1,0.68,3,132,2,0,0,0,sales,medium
0.47,0.53,3,111,4,0,0,0,RandD,medium
0.64,0.6,3,143,3,0,0,0,technical,medium
0.36,0.57,2,144,3,0,1,0,technical,low
0.55,0.62,5,197,2,0,0,0,technical,low
0.96,0.71,3,205,8,1,0,0,management,medium
0.37,0.46,2,157,3,0,1,0,support,medium
0.43,0.49,2,135,3,0,1,0,accounting,medium
0.14,0.72,6,100,5,0,0,0,management,low
0.51,0.69,3,212,3,0,0,0,sales,low
0.52,0.81,3,253,2,0,0,0,support,medium
0.84,0.49,4,178,3,0,0,0,support,medium
0.45,0.45,2,132,3,0,1,0,marketing,low
0.44,0.51,2,134,3,0,1,0,hr,medium
0.88,0.82,3,244,3,0,0,0,sales,low
0.56,0.73,3,226,3,0,0,0,RandD,medium
0.6,0.85,3,242,2,0,0,0,IT,low
0.98,0.67,3,190,10,0,0,0,IT,medium
0.99,0.55,3,97,6,1,0,0,technical,medium
0.36,0.51,2,143,3,0,1,0,technical,low
0.73,0.97,3,165,2,0,0,0,sales,low
0.6,0.6,4,201,3,0,0,0,RandD,high
0.84,0.97,4,253,2,1,0,0,sales,low
0.78,0.62,4,150,3,0,0,1,management,high
0.85,0.6,4,257,3,0,0,0,technical,medium
0.52,0.83,4,210,2,0,0,0,product_mng,medium
0.95,0.63,3,153,2,0,0,0,sales,low
0.8,0.82,4,202,3,0,0,0,sales,low
0.87,1,5,261,5,1,1,0,technical,medium
0.83,0.83,5,260,5,0,1,0,IT,medium
0.98,0.89,3,150,3,0,0,0,support,high
0.96,0.9,3,161,3,0,0,0,product_mng,medium
0.54,0.72,4,259,2,1,0,0,sales,low
0.52,0.47,6,141,5,1,0,0,support,low
0.51,0.87,2,130,4,0,0,0,sales,medium
0.45,0.49,2,149,3,0,1,0,product_mng,high
0.87,0.71,3,132,2,0,0,0,sales,low
0.72,0.99,3,143,4,0,0,0,sales,low
0.83,0.92,3,268,2,1,0,0,technical,medium
0.83,0.74,4,249,2,0,0,0,support,medium
0.72,0.7,4,172,3,0,0,0,IT,medium
0.53,0.47,6,106,6,0,0,0,management,high
0.91,0.48,3,224,3,0,0,0,technical,medium
0.11,0.85,6,308,5,0,1,0,sales,medium
0.44,0.45,6,237,6,0,0,0,support,medium
0.5,0.74,4,272,5,0,0,0,accounting,low
0.42,0.73,3,108,4,0,0,0,technical,low
0.95,0.88,3,199,3,0,0,0,IT,medium
0.16,0.7,3,178,3,1,0,0,technical,low
0.42,0.8,4,259,7,1,0,0,sales,medium
0.22,0.44,3,166,6,0,0,0,hr,low
0.58,0.62,4,238,3,0,1,0,hr,low
0.49,0.71,3,255,2,1,0,0,accounting,low
0.44,0.55,2,156,3,0,1,0,hr,medium
0.67,0.55,3,217,2,0,0,0,RandD,high
0.43,0.54,2,153,3,0,1,0,sales,low
0.42,0.56,2,137,3,0,1,0,marketing,low
0.82,0.8,3,162,3,0,0,0,sales,medium
0.44,0.42,2,199,2,0,0,0,support,medium
0.09,0.96,6,268,4,0,1,0,technical,medium
0.82,0.71,3,150,3,0,0,0,support,medium
0.49,0.78,5,137,3,1,0,0,IT,low
0.92,0.9,5,248,5,0,1,0,sales,low
0.83,1,5,240,5,0,1,0,support,low
0.15,0.39,5,229,4,0,0,0,sales,low
0.56,0.88,4,273,3,0,0,0,support,low
0.92,0.84,3,220,3,1,0,0,technical,high
0.89,0.95,4,141,3,0,0,0,accounting,low
0.43,0.49,2,135,3,0,1,0,sales,medium
0.5,0.59,4,214,3,1,0,0,technical,low
0.43,0.46,2,239,3,1,0,0,sales,medium
0.11,0.96,6,310,4,0,1,0,technical,low
0.87,0.71,6,224,6,0,0,0,sales,high
0.77,0.5,5,170,2,0,0,0,support,low
0.9,0.64,5,226,2,0,0,0,technical,low
0.64,0.9,2,101,6,0,0,0,IT,low
0.94,0.71,4,151,2,1,0,0,sales,low
0.38,0.5,2,144,3,0,1,0,IT,medium
0.48,0.92,3,234,3,0,0,0,accounting,medium
0.1,0.79,6,291,4,0,1,0,sales,low
0.51,0.5,5,251,3,1,0,0,sales,low
0.85,0.77,3,146,4,0,0,0,accounting,low
0.99,0.92,5,174,5,0,0,0,accounting,medium
0.5,0.85,4,272,2,0,0,0,support,medium
0.91,0.84,5,265,5,0,1,0,technical,medium
0.75,0.69,3,274,2,0,0,0,sales,medium
0.74,0.94,4,157,2,0,0,0,sales,medium
0.44,0.52,2,137,3,0,1,0,technical,medium
0.39,0.53,2,127,3,0,1,0,sales,medium
0.54,0.64,3,190,7,0,0,0,sales,medium
0.93,0.48,3,276,3,0,0,0,IT,low
0.71,0.63,3,204,3,0,0,0,marketing,low
0.76,0.79,3,197,5,0,0,0,accounting,medium
0.79,0.94,3,204,2,1,0,0,sales,low
0.77,0.71,5,141,3,0,0,0,support,low
0.32,0.95,5,172,2,0,1,0,sales,low
0.77,0.74,5,243,2,0,0,0,technical,low
0.94,0.73,3,196,3,0,0,0,hr,medium
0.36,0.51,2,135,3,0,1,0,IT,low
1,0.73,5,189,3,1,0,0,product_mng,low
0.81,0.85,4,134,10,1,0,0,management,medium
0.9,0.54,4,172,4,0,0,0,sales,medium
0.87,0.7,3,224,3,0,0,0,support,low
0.93,0.71,4,272,2,0,0,0,support,medium
0.77,0.49,4,217,2,0,0,0,support,medium
0.84,0.58,3,140,3,0,0,0,accounting,medium
0.41,0.52,2,142,3,0,1,0,sales,medium
0.5,0.89,3,187,4,1,0,0,sales,medium
0.4,0.56,2,137,3,0,1,0,accounting,medium
0.15,0.84,3,201,6,0,0,0,support,medium
0.41,0.4,2,194,2,0,0,0,sales,low
0.89,0.73,4,171,4,0,0,0,RandD,medium
0.58,0.69,4,165,3,0,0,0,technical,low
0.6,0.97,4,219,4,1,0,0,hr,low
0.8,0.55,4,269,3,0,0,0,sales,high
0.41,0.75,4,199,3,0,0,0,sales,low
0.48,0.41,5,286,3,0,0,0,support,high
0.73,0.72,3,166,3,0,0,0,technical,medium
0.4,0.58,3,135,3,0,0,0,accounting,low
0.78,0.68,2,159,3,1,0,0,support,medium
0.09,0.84,7,260,4,0,1,0,sales,low
0.88,0.72,3,200,2,1,0,0,sales,medium
0.91,0.89,2,219,4,0,0,0,technical,low
0.82,0.98,5,234,5,0,1,0,marketing,medium
0.81,0.77,5,251,2,0,0,0,sales,low
0.59,0.59,4,197,7,0,0,0,IT,medium
0.76,0.74,3,183,3,0,0,0,sales,medium
0.55,0.72,4,273,3,0,0,0,technical,low
0.81,0.97,5,243,5,0,1,0,support,medium
0.73,0.94,4,213,3,1,0,0,marketing,medium
0.61,0.98,3,138,5,1,0,0,hr,medium
0.57,0.9,5,145,3,0,0,0,accounting,low
0.1,0.84,5,298,4,0,1,0,IT,low
0.92,0.99,3,176,8,0,0,0,sales,medium
0.57,0.75,4,249,10,0,0,0,product_mng,medium
0.86,0.64,3,245,4,0,0,0,support,high
0.38,0.81,5,128,3,1,0,0,accounting,low
0.79,1,4,229,5,1,1,0,management,medium
0.1,0.92,6,258,4,0,1,0,technical,low
0.09,0.93,6,255,4,0,1,0,RandD,medium
0.68,0.81,3,232,2,0,0,0,support,medium
0.93,0.77,5,224,2,0,0,0,marketing,low
0.67,0.99,5,237,3,0,0,0,product_mng,medium
0.5,0.78,3,228,2,0,0,0,RandD,low
0.67,0.74,3,204,3,0,0,0,RandD,medium
0.68,0.55,3,213,3,0,0,0,product_mng,medium
0.75,0.85,4,181,3,0,0,0,technical,low
0.13,0.97,3,156,2,0,0,0,support,medium
0.78,0.95,4,260,5,0,1,0,sales,low
0.68,0.7,4,185,4,0,0,0,technical,medium
0.1,0.97,7,254,4,0,1,0,sales,low
0.5,0.64,4,213,4,0,0,0,support,low
0.69,0.78,5,131,8,0,0,0,support,low
0.78,0.83,4,158,3,0,0,0,IT,high
0.62,0.49,3,158,2,0,0,0,sales,low
0.43,0.75,3,108,2,0,0,0,technical,low
0.44,0.55,2,130,3,1,1,0,product_mng,low
0.89,0.92,5,237,5,0,1,0,sales,medium
0.42,0.54,2,143,3,1,1,0,sales,low
0.59,0.81,4,200,2,0,0,0,support,low
0.89,0.86,3,208,3,0,0,0,support,low
0.74,0.67,4,158,3,0,0,0,sales,low
0.55,0.58,5,262,3,0,0,0,support,medium
0.42,0.86,2,108,5,0,0,0,technical,high
0.66,0.89,3,257,3,0,0,0,sales,medium
0.11,0.85,7,272,4,0,1,0,accounting,low
0.57,0.9,3,144,2,0,0,0,IT,medium
0.63,0.51,3,126,6,0,0,0,technical,low
0.51,0.99,4,211,3,0,0,0,support,medium
0.8,0.95,5,217,5,0,1,0,support,low
0.72,0.51,3,254,2,0,0,0,sales,low
0.66,0.74,4,179,3,0,0,0,accounting,low
0.63,0.91,4,252,3,1,0,0,support,medium
0.97,0.93,5,137,2,1,0,0,support,low
0.44,0.56,3,123,3,0,0,0,accounting,medium
0.89,0.92,5,242,5,0,1,0,sales,low
0.66,0.56,3,169,2,1,0,0,support,medium
0.78,0.87,3,190,3,0,0,0,sales,low
0.86,0.91,4,234,3,1,0,0,sales,medium
0.43,0.52,2,150,3,0,1,0,product_mng,low
0.63,0.71,5,141,2,0,0,0,RandD,medium
0.1,0.93,6,298,4,0,1,0,technical,medium
0.61,0.39,3,99,2,0,0,0,support,low
0.56,0.63,3,145,2,0,0,0,sales,high
0.68,0.97,5,207,4,1,0,0,RandD,low
0.86,0.49,4,274,2,0,0,0,management,low
0.45,0.48,2,136,3,0,1,0,product_mng,medium
0.11,0.84,7,296,4,0,1,0,sales,low
0.91,0.68,4,187,2,0,0,0,IT,low
0.77,0.89,4,269,10,0,0,0,management,high
0.82,1,4,229,6,0,1,0,hr,medium
0.61,0.68,3,193,2,0,0,0,marketing,medium
0.86,0.95,5,275,2,0,0,0,technical,medium
0.38,0.46,2,145,3,0,1,0,hr,medium
0.11,0.87,5,271,4,0,1,0,sales,low
0.4,0.46,2,127,3,0,1,0,hr,medium
0.21,0.58,7,203,5,0,1,0,support,medium
0.18,0.75,3,142,2,0,0,0,product_mng,low
0.58,0.79,3,243,3,1,0,0,sales,medium
0.57,0.91,4,224,10,0,0,0,sales,medium
0.86,0.78,4,164,2,0,0,0,technical,low
0.71,0.79,4,261,3,0,0,0,sales,high
0.1,0.84,6,286,4,0,1,0,product_mng,low
0.44,0.52,2,128,3,0,1,0,sales,medium
0.49,0.99,4,258,3,1,0,0,sales,low
0.89,1,4,260,5,0,1,0,RandD,low
0.37,0.57,2,157,3,0,1,0,RandD,low
0.88,0.84,3,266,3,0,0,0,accounting,low
0.43,0.53,2,152,3,0,1,0,sales,medium
0.89,1,4,226,2,1,0,0,technical,low
0.84,0.8,4,236,3,0,0,0,marketing,low
0.11,0.82,7,285,4,0,1,0,IT,medium
0.66,0.77,5,236,3,0,0,0,sales,high
0.63,0.86,3,269,4,0,0,0,support,low
0.51,0.7,4,142,4,1,0,0,sales,low
0.48,0.98,3,257,2,0,0,0,support,medium
0.56,0.71,3,211,6,0,0,1,marketing,low
0.94,0.95,4,155,3,0,0,0,support,medium
0.72,0.79,3,221,3,0,0,0,product_mng,high
0.57,0.67,3,138,6,1,0,0,IT,medium
0.54,0.68,4,183,2,0,0,0,support,low
0.63,0.93,4,238,2,0,0,0,technical,low
0.87,1,4,228,5,0,1,0,support,medium
0.11,0.84,7,296,4,0,1,0,sales,low
0.99,0.86,3,198,3,0,0,0,sales,medium
0.1,0.81,6,301,4,1,1,0,sales,medium
0.1,0.8,6,264,4,0,1,0,technical,low
0.84,0.74,3,182,4,0,1,0,technical,low
0.66,0.49,4,194,5,0,0,0,accounting,medium
0.77,0.73,3,201,10,0,0,0,management,high
0.5,0.78,4,185,3,0,0,0,RandD,high
0.66,0.84,3,170,4,0,0,0,support,low
0.46,0.45,2,172,2,1,0,0,management,low
0.9,0.67,2,229,4,0,0,0,sales,low
0.39,0.51,2,129,3,0,1,0,IT,low
0.86,0.93,5,208,2,0,0,0,IT,low
0.64,0.57,4,271,2,0,0,0,sales,medium
0.94,0.73,3,154,3,0,0,0,technical,low
0.87,0.82,5,138,3,1,0,0,management,low
0.84,0.64,4,267,4,0,0,0,sales,low
0.11,0.84,6,251,4,0,1,0,technical,medium
0.49,0.76,3,257,2,1,0,0,marketing,medium
0.36,0.47,2,148,3,0,1,0,technical,medium
0.92,0.44,3,260,8,0,0,0,sales,low
0.96,0.59,4,108,6,0,0,0,sales,low
0.93,0.86,4,169,4,0,0,0,sales,low
0.54,0.88,4,170,4,0,0,0,RandD,low
0.72,0.8,3,222,3,0,0,0,IT,medium
0.69,0.98,3,214,2,0,0,0,sales,low
0.14,0.76,5,260,6,0,0,0,technical,high
0.74,0.63,3,231,3,0,0,0,technical,low
0.79,0.58,3,294,4,0,1,0,hr,low
0.56,0.8,5,202,4,0,0,0,product_mng,low
0.54,0.77,5,270,3,0,0,0,accounting,medium
0.99,0.51,4,232,3,0,0,0,RandD,low
0.16,0.74,5,205,4,1,0,0,sales,low
0.45,0.87,2,268,4,1,0,0,IT,low
0.44,0.51,2,145,3,0,1,0,support,low
0.71,0.59,4,143,2,0,0,0,hr,medium
0.8,0.86,5,262,6,0,1,0,sales,medium
0.48,0.53,3,113,4,0,0,0,marketing,medium
0.77,0.83,3,175,3,0,0,1,sales,medium
0.82,0.75,5,160,3,1,0,0,product_mng,high
0.57,0.42,2,248,4,0,0,0,IT,medium
0.78,0.91,3,238,2,0,0,0,RandD,high
0.97,0.79,5,259,3,0,0,1,support,medium
0.64,0.85,4,265,2,0,0,0,accounting,low
0.52,0.57,5,162,3,0,0,0,sales,low
0.78,0.95,3,155,3,1,0,0,support,medium
0.5,0.73,4,180,3,0,0,0,IT,low
0.56,0.59,4,164,3,0,0,1,support,medium
0.24,0.38,6,109,2,0,0,0,support,medium
0.1,0.97,7,284,4,0,1,0,support,low
0.73,0.68,3,121,5,0,0,0,RandD,low
0.51,0.72,3,148,2,0,0,0,accounting,medium
